Spp,Length,Weight,Sex,Year,Month,Age,BCAge,BCLength
CCF,279,173,U,2015,May,3,2,205.7702684
CCF,334,279,U,2015,May,4,3,258.8845457
CCF,351,378,U,2015,May,4,3,300.7401036
CCF,320,280,U,2015,May,5,4,306.4891218
CCF,335,268,U,2015,May,5,4,294.0877339
CCF,345,318,U,2015,May,5,4,290.8587589
CCF,362,416,U,2015,May,5,4,314.0249178
CCF,391,,U,2015,May,5,4,334.0580747
CCF,345,345,U,2015,May,6,5,311.8054395
CCF,353,338,U,2015,May,6,5,316.2046634
CCF,355,356,U,2015,May,6,5,326.492152
CCF,378,432,U,2015,May,6,5,326.1518885
CCF,384,482,U,2015,May,6,5,345.8101269
CCF,386,450,U,2015,May,6,5,357.6765192
CCF,386,510,U,2015,May,6,5,358.8855
CCF,390,,U,2015,May,6,5,358.2087708
CCF,396,475,U,2015,May,6,5,358.8393209
CCF,404,520,U,2015,May,6,5,374.9819853
CCF,409,456,U,2015,May,6,5,383.5158696
CCF,445,730,U,2015,May,6,5,420.4820822
CCF,386,437,U,2015,May,7,6,371.9360504
CCF,393,532,U,2015,May,7,6,361.3851675
CCF,394,506,U,2015,May,7,6,355.1101091
CCF,395,480,U,2015,May,7,6,361.6315512
CCF,398,520,U,2015,May,7,6,381.6004277
CCF,400,550,U,2015,May,7,6,361.1530933
CCF,405,,U,2015,May,7,6,361.6277069
CCF,412,594,U,2015,May,7,6,389.5557643
CCF,415,526,U,2015,May,7,,
CCF,415,,U,2015,May,7,6,402.5737985
CCF,417,535,U,2015,May,7,6,390.4224231
CCF,419,606,U,2015,May,7,6,403.4314016
CCF,424,602,U,2015,May,7,6,387.8943403
CCF,424,,U,2015,May,7,6,392.2197754
CCF,436,622,U,2015,May,7,6,403.0806848
CCF,438,737,U,2015,May,7,6,399.2960186
CCF,442,660,U,2015,May,7,6,408.7888653
CCF,445,798,U,2015,May,7,6,420.0557584
CCF,445,,U,2015,May,7,6,395.9495118
CCF,446,612,U,2015,May,7,6,428.5236989
CCF,447,760,U,2015,May,7,6,419.18114
CCF,485,856,U,2015,May,7,6,450.2779162
CCF,490,894,U,2015,May,7,6,450.9395242
CCF,494,775,U,2015,May,7,6,404.2960122
CCF,404,508,U,2015,May,8,7,390.2445485
CCF,407,520,U,2015,May,8,7,381.0060866
CCF,415,570,U,2015,May,8,7,391.5868415
CCF,430,,U,2015,May,8,7,399.9828191
CCF,432,608,U,2015,May,8,7,423.7536365
CCF,438,779,U,2015,May,8,7,405.7077984
CCF,449,700,U,2015,May,8,7,424.940609
CCF,460,810,U,2015,May,8,7,426.8049938
CCF,461,805,U,2015,May,8,7,441.4031718
CCF,465,,U,2015,May,8,7,442.4825278
CCF,471,,U,2015,May,8,7,447.8948172
CCF,472,946,U,2015,May,8,7,453.6620519
CCF,480,962,U,2015,May,8,7,437.7426297
CCF,482,948,U,2015,May,8,7,444.3250741
CCF,487,820,U,2015,May,8,7,450.8378364
CCF,498,998,U,2015,May,8,7,464.2401359
CCF,506,1063,U,2015,May,8,7,446.9495948
CCF,451,800,U,2015,May,9,8,434.2326762
CCF,460,775,U,2015,May,9,8,436.6856711
CCF,468,904,U,2015,May,9,8,433.2948888
CCF,469,850,U,2015,May,9,8,446.970712
CCF,475,834,U,2015,May,9,8,451.6140214
CCF,476,1089,U,2015,May,9,8,456.908467
CCF,480,601,U,2015,May,9,8,456.0863134
CCF,499,994,U,2015,May,9,8,478.9059771
CCF,499,1275,U,2015,May,9,8,468.1477195
CCF,500,978,U,2015,May,9,8,469.6977419
CCF,500,1000,U,2015,May,9,8,449.6297484
CCF,500,1115,U,2015,May,9,8,477.6126977
CCF,500,1025,U,2015,May,9,8,478.9008522
CCF,500,,U,2015,May,9,8,462.4016409
CCF,505,995,U,2015,May,9,8,489.3015126
CCF,507,1180,U,2015,May,9,8,469.263951
CCF,507,1088,U,2015,May,9,8,494.6779044
CCF,510,1000,U,2015,May,9,8,491.5818364
CCF,514,1225,U,2015,May,9,8,472.3067292
CCF,519,1186,U,2015,May,9,8,494.3661181
CCF,550,1389,U,2015,May,9,8,520.1727422
CCF,481,941,U,2015,May,10,9,470.7245904
CCF,483,965,U,2015,May,10,9,436.9093158
CCF,514,1369,U,2015,May,10,9,412.5763236
CCF,515,1260,U,2015,May,10,9,467.254608
CCF,527,1190,U,2015,May,10,9,458.1281189
CCF,535,1269,U,2015,May,10,9,494.2639594
CCF,538,1456,U,2015,May,10,9,508.4726827
CCF,545,1210,U,2015,May,10,9,533.4423337
CCF,546,1545,U,2015,May,10,9,511.3869098
CCF,555,1420,U,2015,May,10,9,518.6439757
CCF,613,2529,U,2015,May,10,9,537.904762
CCF,469,940,U,2015,May,11,10,432.6460731
CCF,538,1250,U,2015,May,11,10,528.3298943
CCF,627,2720,U,2015,May,14,13,608.6910063
CCF,656,2936,U,2015,May,14,13,627.45995
CCF,597,1725,U,2015,May,15,14,570.5854199
CCF,621,2275,U,2015,May,16,15,603.6346675
CCF,685,2504,U,2015,May,16,15,670.0498993
CCF,769,4990,U,2015,May,16,15,740.0736642
CCF,672,3008,U,2015,May,17,16,640.7007608
CCF,695,3240,U,2015,May,17,16,673.5381653
CCF,763,4538,U,2015,May,18,17,757.6269778
CCF,260,180,U,2015,May,,,
CCF,262,,U,2015,May,,,
CCF,267,,U,2015,May,,,
CCF,275,190,U,2015,May,,,
CCF,280,,U,2015,May,,,
CCF,295,231,U,2015,May,,,
CCF,295,,U,2015,May,,,
CCF,300,,U,2015,May,,,
CCF,303,235,U,2015,May,,,
CCF,303,,U,2015,May,,,
CCF,303,,U,2015,May,,,
CCF,305,260,U,2015,May,,,
CCF,306,244,U,2015,May,,,
CCF,308,,U,2015,May,,,
CCF,310,245,U,2015,May,,,
CCF,310,,U,2015,May,,,
CCF,311,,U,2015,May,,,
CCF,312,228,U,2015,May,,,
CCF,314,240,U,2015,May,,,
CCF,315,296,U,2015,May,,,
CCF,317,,U,2015,May,,,
CCF,320,260,U,2015,May,,,
CCF,324,312,U,2015,May,,,
CCF,325,297,U,2015,May,,,
CCF,328,,U,2015,May,,,
CCF,330,256,U,2015,May,,,
CCF,330,282,U,2015,May,,,
CCF,330,300,U,2015,May,,,
CCF,333,,U,2015,May,,,
CCF,333,,U,2015,May,,,
CCF,337,,U,2015,May,,,
CCF,339,361,U,2015,May,,,
CCF,339,350,U,2015,May,,,
CCF,340,363,U,2015,May,,,
CCF,345,366,U,2015,May,,,
CCF,345,360,U,2015,May,,,
CCF,345,400,U,2015,May,,,
CCF,346,314,U,2015,May,,,
CCF,347,344,U,2015,May,,,
CCF,347,340,U,2015,May,,,
CCF,347,,U,2015,May,,,
CCF,348,,U,2015,May,,,
CCF,350,382,U,2015,May,,,
CCF,350,351,U,2015,May,,,
CCF,350,345,U,2015,May,,,
CCF,350,,U,2015,May,,,
CCF,350,,U,2015,May,,,
CCF,350,365,U,2015,May,,,
CCF,351,,U,2015,May,,,
CCF,352,352,U,2015,May,,,
CCF,355,375,U,2015,May,,,
CCF,355,,U,2015,May,,,
CCF,355,,U,2015,May,,,
CCF,359,340,U,2015,May,,,
CCF,359,380,U,2015,May,,,
CCF,359,,U,2015,May,,,
CCF,360,393,U,2015,May,,,
CCF,360,360,U,2015,May,,,
CCF,361,352,U,2015,May,,,
CCF,361,400,U,2015,May,,,
CCF,361,383,U,2015,May,,,
CCF,362,,U,2015,May,,,
CCF,364,384,U,2015,May,,,
CCF,365,416,U,2015,May,,,
CCF,365,,U,2015,May,,,
CCF,365,,U,2015,May,,,
CCF,365,,U,2015,May,,,
CCF,365,,U,2015,May,,,
CCF,365,,U,2015,May,,,
CCF,365,364,U,2015,May,,,
CCF,365,,U,2015,May,,,
CCF,366,,U,2015,May,,,
CCF,367,340,U,2015,May,,,
CCF,367,442,U,2015,May,,,
CCF,368,,U,2015,May,,,
CCF,369,412,U,2015,May,,,
CCF,369,380,U,2015,May,,,
CCF,369,372,U,2015,May,,,
CCF,372,,U,2015,May,,,
CCF,373,422,U,2015,May,,,
CCF,373,,U,2015,May,,,
CCF,374,350,U,2015,May,,,
CCF,377,454,U,2015,May,,,
CCF,378,400,U,2015,May,,,
CCF,378,492,U,2015,May,,,
CCF,378,500,U,2015,May,,,
CCF,379,,U,2015,May,,,
CCF,380,,U,2015,May,,,
CCF,380,420,U,2015,May,,,
CCF,380,,U,2015,May,,,
CCF,380,364,U,2015,May,,,
CCF,382,,U,2015,May,,,
CCF,382,474,U,2015,May,,,
CCF,385,,U,2015,May,,,
CCF,385,418,U,2015,May,,,
CCF,385,,U,2015,May,,,
CCF,385,,U,2015,May,,,
CCF,387,438,U,2015,May,,,
CCF,387,494,U,2015,May,,,
CCF,388,490,U,2015,May,,,
CCF,389,460,U,2015,May,,,
CCF,390,,U,2015,May,,,
CCF,390,440,U,2015,May,,,
CCF,390,498,U,2015,May,,,
CCF,390,434,U,2015,May,,,
CCF,391,568,U,2015,May,,,
CCF,391,482,U,2015,May,,,
CCF,392,508,U,2015,May,,,
CCF,392,,U,2015,May,,,
CCF,392,420,U,2015,May,,,
CCF,394,468,U,2015,May,,,
CCF,394,,U,2015,May,,,
CCF,395,,U,2015,May,,,
CCF,395,,U,2015,May,,,
CCF,395,,U,2015,May,,,
CCF,395,498,U,2015,May,,,
CCF,396,613,U,2015,May,,,
CCF,396,508,U,2015,May,,,
CCF,396,510,U,2015,May,,,
CCF,396,,U,2015,May,,,
CCF,397,458,U,2015,May,,,
CCF,397,,U,2015,May,,,
CCF,398,,U,2015,May,,,
CCF,398,1410,U,2015,May,,,
CCF,399,,U,2015,May,,,
CCF,400,520,U,2015,May,,,
CCF,400,,U,2015,May,,,
CCF,401,,U,2015,May,,,
CCF,402,,U,2015,May,,,
CCF,402,490,U,2015,May,,,
CCF,402,,U,2015,May,,,
CCF,403,532,U,2015,May,,,
CCF,404,520,U,2015,May,,,
CCF,404,,U,2015,May,,,
CCF,405,570,U,2015,May,,,
CCF,405,,U,2015,May,,,
CCF,405,,U,2015,May,,,
CCF,408,,U,2015,May,,,
CCF,408,500,U,2015,May,,,
CCF,409,670,U,2015,May,,,
CCF,409,560,U,2015,May,,,
CCF,410,,U,2015,May,,,
CCF,410,,U,2015,May,,,
CCF,410,,U,2015,May,,,
CCF,410,,U,2015,May,,,
CCF,410,538,U,2015,May,,,
CCF,410,,U,2015,May,,,
CCF,411,,U,2015,May,,,
CCF,413,680,U,2015,May,,,
CCF,413,530,U,2015,May,,,
CCF,413,530,U,2015,May,,,
CCF,414,552,U,2015,May,,,
CCF,415,562,U,2015,May,,,
CCF,415,,U,2015,May,,,
CCF,415,580,U,2015,May,,,
CCF,415,,U,2015,May,,,
CCF,415,,U,2015,May,,,
CCF,416,562,U,2015,May,,,
CCF,416,858,U,2015,May,,,
CCF,416,662,U,2015,May,,,
CCF,416,,U,2015,May,,,
CCF,418,,U,2015,May,,,
CCF,419,694,U,2015,May,,,
CCF,419,,U,2015,May,,,
CCF,419,,U,2015,May,,,
CCF,419,562,U,2015,May,,,
CCF,420,,U,2015,May,,,
CCF,420,,U,2015,May,,,
CCF,420,590,U,2015,May,,,
CCF,420,,U,2015,May,,,
CCF,421,637,U,2015,May,,,
CCF,422,,U,2015,May,,,
CCF,423,620,U,2015,May,,,
CCF,423,920,U,2015,May,,,
CCF,424,506,U,2015,May,,,
CCF,424,,U,2015,May,,,
CCF,425,,U,2015,May,,,
CCF,426,538,U,2015,May,,,
CCF,426,640,U,2015,May,,,
CCF,426,664,U,2015,May,,,
CCF,428,618,U,2015,May,,,
CCF,428,726,U,2015,May,,,
CCF,429,566,U,2015,May,,,
CCF,430,,U,2015,May,,,
CCF,431,576,U,2015,May,,,
CCF,432,,U,2015,May,,,
CCF,434,590,U,2015,May,,,
CCF,435,,U,2015,May,,,
CCF,435,,U,2015,May,,,
CCF,435,,U,2015,May,,,
CCF,436,,U,2015,May,,,
CCF,438,,U,2015,May,,,
CCF,438,651,U,2015,May,,,
CCF,438,608,U,2015,May,,,
CCF,438,,U,2015,May,,,
CCF,439,675,U,2015,May,,,
CCF,439,592,U,2015,May,,,
CCF,440,576,U,2015,May,,,
CCF,440,664,U,2015,May,,,
CCF,440,678,U,2015,May,,,
CCF,441,,U,2015,May,,,
CCF,442,718,U,2015,May,,,
CCF,445,668,U,2015,May,,,
CCF,445,650,U,2015,May,,,
CCF,445,800,U,2015,May,,,
CCF,446,,U,2015,May,,,
CCF,447,690,U,2015,May,,,
CCF,447,,U,2015,May,,,
CCF,447,762,U,2015,May,,,
CCF,448,682,U,2015,May,,,
CCF,448,,U,2015,May,,,
CCF,450,700,U,2015,May,,,
CCF,450,820,U,2015,May,,,
CCF,450,670,U,2015,May,,,
CCF,450,,U,2015,May,,,
CCF,450,770,U,2015,May,,,
CCF,452,,U,2015,May,,,
CCF,452,,U,2015,May,,,
CCF,453,712,U,2015,May,,,
CCF,455,875,U,2015,May,,,
CCF,455,,U,2015,May,,,
CCF,456,,U,2015,May,,,
CCF,456,,U,2015,May,,,
CCF,459,700,U,2015,May,,,
CCF,459,,U,2015,May,,,
CCF,459,810,U,2015,May,,,
CCF,460,840,U,2015,May,,,
CCF,460,872,U,2015,May,,,
CCF,460,824,U,2015,May,,,
CCF,460,,U,2015,May,,,
CCF,461,760,U,2015,May,,,
CCF,461,,U,2015,May,,,
CCF,461,,U,2015,May,,,
CCF,461,,U,2015,May,,,
CCF,461,796,U,2015,May,,,
CCF,462,,U,2015,May,,,
CCF,462,,U,2015,May,,,
CCF,463,874,U,2015,May,,,
CCF,463,782,U,2015,May,,,
CCF,463,,U,2015,May,,,
CCF,465,,U,2015,May,,,
CCF,468,840,U,2015,May,,,
CCF,468,566,U,2015,May,,,
CCF,469,810,U,2015,May,,,
CCF,469,770,U,2015,May,,,
CCF,469,864,U,2015,May,,,
CCF,469,,U,2015,May,,,
CCF,470,829,U,2015,May,,,
CCF,470,,U,2015,May,,,
CCF,471,896,U,2015,May,,,
CCF,472,,U,2015,May,,,
CCF,472,800,U,2015,May,,,
CCF,472,,U,2015,May,,,
CCF,473,888,U,2015,May,,,
CCF,474,888,U,2015,May,,,
CCF,474,,U,2015,May,,,
CCF,474,790,U,2015,May,,,
CCF,476,394,U,2015,May,,,
CCF,476,820,U,2015,May,,,
CCF,478,870,U,2015,May,,,
CCF,478,1035,U,2015,May,,,
CCF,478,933,U,2015,May,,,
CCF,479,922,U,2015,May,,,
CCF,480,940,U,2015,May,,,
CCF,480,,U,2015,May,,,
CCF,480,1026,U,2015,May,,,
CCF,481,1016,U,2015,May,,,
CCF,481,,U,2015,May,,,
CCF,482,,U,2015,May,,,
CCF,482,,U,2015,May,,,
CCF,483,980,U,2015,May,,,
CCF,483,940,U,2015,May,,,
CCF,484,898,U,2015,May,,,
CCF,484,882,U,2015,May,,,
CCF,485,970,U,2015,May,,,
CCF,485,960,U,2015,May,,,
CCF,485,,U,2015,May,,,
CCF,485,998,U,2015,May,,,
CCF,486,,U,2015,May,,,
CCF,487,956,U,2015,May,,,
CCF,488,1116,U,2015,May,,,
CCF,488,1056,U,2015,May,,,
CCF,489,1040,U,2015,May,,,
CCF,489,896,U,2015,May,,,
CCF,490,934,U,2015,May,,,
CCF,491,,U,2015,May,,,
CCF,491,984,U,2015,May,,,
CCF,492,,U,2015,May,,,
CCF,492,1178,U,2015,May,,,
CCF,493,1000,U,2015,May,,,
CCF,493,900,U,2015,May,,,
CCF,493,1030,U,2015,May,,,
CCF,495,,U,2015,May,,,
CCF,496,990,U,2015,May,,,
CCF,496,1086,U,2015,May,,,
CCF,497,820,U,2015,May,,,
CCF,497,943,U,2015,May,,,
CCF,498,,U,2015,May,,,
CCF,500,,U,2015,May,,,
CCF,500,1060,U,2015,May,,,
CCF,500,,U,2015,May,,,
CCF,500,1209,U,2015,May,,,
CCF,501,1020,U,2015,May,,,
CCF,502,,U,2015,May,,,
CCF,504,,U,2015,May,,,
CCF,506,,U,2015,May,,,
CCF,507,986,U,2015,May,,,
CCF,508,1067,U,2015,May,,,
CCF,508,1204,U,2015,May,,,
CCF,510,1262,U,2015,May,,,
CCF,510,1160,U,2015,May,,,
CCF,511,1238,U,2015,May,,,
CCF,512,,U,2015,May,,,
CCF,513,,U,2015,May,,,
CCF,513,1196,U,2015,May,,,
CCF,513,1102,U,2015,May,,,
CCF,514,1298,U,2015,May,,,
CCF,515,1166,U,2015,May,,,
CCF,515,1265,U,2015,May,,,
CCF,515,1370,U,2015,May,,,
CCF,515,1412,U,2015,May,,,
CCF,515,1115,U,2015,May,,,
CCF,515,,U,2015,May,,,
CCF,515,1220,U,2015,May,,,
CCF,515,1210,U,2015,May,,,
CCF,516,920,U,2015,May,,,
CCF,518,,U,2015,May,,,
CCF,519,,U,2015,May,,,
CCF,519,1266,U,2015,May,,,
CCF,520,,U,2015,May,,,
CCF,522,1154,U,2015,May,,,
CCF,524,1480,U,2015,May,,,
CCF,525,1260,U,2015,May,,,
CCF,526,1200,U,2015,May,,,
CCF,526,1312,U,2015,May,,,
CCF,528,1104,U,2015,May,,,
CCF,529,1274,U,2015,May,,,
CCF,530,,U,2015,May,,,
CCF,531,990,U,2015,May,,,
CCF,532,,U,2015,May,,,
CCF,533,1296,U,2015,May,,,
CCF,534,1386,U,2015,May,,,
CCF,534,1180,U,2015,May,,,
CCF,535,1234,U,2015,May,,,
CCF,535,,U,2015,May,,,
CCF,535,1270,U,2015,May,,,
CCF,537,1392,U,2015,May,,,
CCF,540,1400,U,2015,May,,,
CCF,540,1228,U,2015,May,,,
CCF,540,722,U,2015,May,,,
CCF,542,1492,U,2015,May,,,
CCF,542,1405,U,2015,May,,,
CCF,544,,U,2015,May,,,
CCF,544,,U,2015,May,,,
CCF,546,1752,U,2015,May,,,
CCF,550,,U,2015,May,,,
CCF,550,,U,2015,May,,,
CCF,551,,U,2015,May,,,
CCF,551,1690,U,2015,May,,,
CCF,553,1594,U,2015,May,,,
CCF,560,,U,2015,May,,,
CCF,563,1660,U,2015,May,,,
CCF,568,1420,U,2015,May,,,
CCF,569,996,U,2015,May,,,
CCF,571,,U,2015,May,,,
CCF,590,1620,U,2015,May,,,
CCF,590,,U,2015,May,,,
CCF,594,1922,U,2015,May,,,
CCF,596,217,U,2015,May,,,
CCF,599,,U,2015,May,,,
CCF,600,,U,2015,May,,,
CCF,604,1676,U,2015,May,,,
CCF,611,,U,2015,May,,,
CCF,618,2390,U,2015,May,,,
CCF,618,,U,2015,May,,,
CCF,625,2270,U,2015,May,,,
CCF,630,,U,2015,May,,,
CCF,638,,U,2015,May,,,
CCF,638,,U,2015,May,,,
CCF,640,,U,2015,May,,,
CCF,645,,U,2015,May,,,
CCF,650,,U,2015,May,,,
CCF,660,,U,2015,May,,,
CCF,668,,U,2015,May,,,
CCF,672,,U,2015,May,,,
CCF,674,,U,2015,May,,,
CCF,680,3423,U,2015,May,,,
CCF,680,,U,2015,May,,,
CCF,680,,U,2015,May,,,
CCF,690,3200,U,2015,May,,,
CCF,701,,U,2015,May,,,
CCF,730,4532,U,2015,May,,,
CCF,733,3896,U,2015,May,,,
CCF,,,U,2015,May,,,
CCF,232,136,U,2016,September,1,1,154.7626309
CCF,216,76,U,2016,September,1,1,151.4530738
CCF,238,88,U,2016,September,1,1,124.1866978
CCF,219,70,U,2016,September,1,1,137.179285
CCF,213,88,U,2016,September,1,1,132.5016069
CCF,247,106,U,2016,September,1,1,175.9064623
CCF,216,,U,2016,September,1,1,124.2496898
CCF,228,78,U,2016,September,2,2,121.4748563
CCF,226,104,U,2016,September,2,2,168.0467116
CCF,288,,U,2016,September,2,2,213.248497
CCF,310,204,U,2016,September,2,2,200.5504197
CCF,298,186,U,2016,September,2,2,241.1425533
CCF,269,138,U,2016,September,2,2,198.0898724
CCF,200,70,U,2016,September,2,2,175.2116565
CCF,275,164,U,2016,September,2,2,201.4780924
CCF,294,192,U,2016,September,3,3,239.0083673
CCF,341,308,U,2016,September,3,3,271.7808756
CCF,360,412,U,2016,September,4,4,316.7658711
CCF,358,308,U,2016,September,4,4,302.3520141
CCF,389,400,U,2016,September,4,4,340.268155
CCF,342,280,U,2016,September,4,4,297.8973503
CCF,359,326,U,2016,September,4,4,307.2179451
CCF,354,314,U,2016,September,4,4,306.881
CCF,354,344,U,2016,September,4,4,313.4112501
CCF,343,320,U,2016,September,4,4,302.4154602
CCF,362,306,U,2016,September,5,5,290.6587289
CCF,378,,U,2016,September,5,5,317.8443583
CCF,338,254,U,2016,September,5,5,276.1367038
CCF,365,376,U,2016,September,5,5,319.4913383
CCF,382,426,U,2016,September,5,5,338.599103
CCF,489,472,U,2016,September,5,5,452.0127301
CCF,367,372,U,2016,September,5,5,328.4409557
CCF,380,390,U,2016,September,5,5,347.6776709
CCF,353,304,U,2016,September,5,5,309.791635
CCF,335,276,U,2016,September,5,5,303.6013664
CCF,388,420,U,2016,September,5,5,344.2933423
CCF,394,528,U,2016,September,5,5,335.0857899
CCF,369,,U,2016,September,5,5,326.6426016
CCF,334,292,U,2016,September,5,5,300.4240169
CCF,373,386,U,2016,September,6,6,330.6553025
CCF,416,484,U,2016,September,6,6,382.0836879
CCF,424,500,U,2016,September,6,6,375.829959
CCF,374,,U,2016,September,6,6,337.04042
CCF,395,478,U,2016,September,6,6,366.2636791
CCF,418,550,U,2016,September,6,6,393.7078234
CCF,442,,U,2016,September,6,6,409.6785952
CCF,392,,U,2016,September,6,6,349.6233409
CCF,408,,U,2016,September,6,6,373.7958736
CCF,464,722,U,2016,September,7,7,389.3610116
CCF,408,,U,2016,September,7,7,364.9246413
CCF,416,590,U,2016,September,7,7,390.2877567
CCF,460,778,U,2016,September,7,7,430.5098484
CCF,436,638,U,2016,September,7,7,415.6374326
CCF,399,484,U,2016,September,7,7,375.8755275
CCF,411,492,U,2016,September,7,7,385.001673
CCF,410,476,U,2016,September,7,7,383.8879174
CCF,458,726,U,2016,September,7,7,437.3378338
CCF,472,802,U,2016,September,7,7,439.4970332
CCF,437,,U,2016,September,7,7,418.2046646
CCF,408,502,U,2016,September,8,8,383.1607477
CCF,408,534,U,2016,September,8,8,384.613278
CCF,490,1106,U,2016,September,8,8,446.662654
CCF,503,1018,U,2016,September,8,8,458.3622731
CCF,526,1306,U,2016,September,8,8,503.6826669
CCF,474,808,U,2016,September,8,8,457.9494758
CCF,421,504,U,2016,September,8,8,401.8846548
CCF,425,588,U,2016,September,8,8,382.2974625
CCF,441,634,U,2016,September,8,8,420.0596974
CCF,502,1046,U,2016,September,8,8,461.8177368
CCF,528,1158,U,2016,September,8,8,505.051991
CCF,491,932,U,2016,September,8,8,480.7067795
CCF,440,,U,2016,September,8,8,407.3965507
CCF,527,1336,U,2016,September,8,8,493.9834113
CCF,463,872,U,2016,September,9,9,438.640366
CCF,469,872,U,2016,September,9,9,442.262954
CCF,465,478,U,2016,September,9,9,439.173783
CCF,430,584,U,2016,September,9,9,410.2271617
CCF,477,980,U,2016,September,9,9,460.310639
CCF,507,1198,U,2016,September,9,9,485.067212
CCF,434,732,U,2016,September,9,9,421.9970368
CCF,510,1122,U,2016,September,9,9,484.2550491
CCF,498,1144,U,2016,September,9,9,478.6312308
CCF,588,1932,U,2016,September,9,9,553.0512682
CCF,549,1636,U,2016,September,9,9,494.7457998
CCF,495,1078,U,2016,September,9,9,469.7750657
CCF,456,882,U,2016,September,10,10,432.881691
CCF,456,766,U,2016,September,10,10,437.8863355
CCF,502,1032,U,2016,September,10,10,482.8386664
CCF,518,,U,2016,September,10,10,500.1614618
CCF,483,980,U,2016,September,10,10,453.3760987
CCF,527,1072,U,2016,September,10,10,516.5989224
CCF,560,1360,U,2016,September,11,11,543.3270018
CCF,523,1294,U,2016,September,11,11,506.310938
CCF,610,,U,2016,September,14,14,593.1060429
CCF,651,2478,U,2016,September,15,15,646.732897
CCF,724,3626,U,2016,September,15,15,712.9250895
CCF,668,3294,U,2016,September,17,17,640.8774573
CCF,390,592,U,2016,September,,,
CCF,376,396,U,2016,September,,,
CCF,215,,U,2016,September,,,
CCF,248,,U,2016,September,,,
CCF,284,,U,2016,September,,,
CCF,291,,U,2016,September,,,
CCF,350,,U,2016,September,,,
CCF,355,,U,2016,September,,,
CCF,357,,U,2016,September,,,
CCF,358,,U,2016,September,,,
CCF,360,,U,2016,September,,,
CCF,378,,U,2016,September,,,
CCF,382,,U,2016,September,,,
CCF,382,,U,2016,September,,,
CCF,385,,U,2016,September,,,
CCF,386,,U,2016,September,,,
CCF,388,,U,2016,September,,,
CCF,389,,U,2016,September,,,
CCF,391,,U,2016,September,,,
CCF,393,,U,2016,September,,,
CCF,403,,U,2016,September,,,
CCF,405,,U,2016,September,,,
CCF,408,,U,2016,September,,,
CCF,411,,U,2016,September,,,
CCF,412,,U,2016,September,,,
CCF,413,,U,2016,September,,,
CCF,415,,U,2016,September,,,
CCF,423,,U,2016,September,,,
CCF,424,,U,2016,September,,,
CCF,428,,U,2016,September,,,
CCF,431,,U,2016,September,,,
CCF,438,,U,2016,September,,,
CCF,440,,U,2016,September,,,
CCF,448,,U,2016,September,,,
CCF,469,,U,2016,September,,,
CCF,315,177,U,2016,September,,,
CCF,275,116,U,2016,September,,,
CCF,543,1176,U,2016,September,,,
CCF,368,328,U,2016,September,,,
CCF,372,344,U,2016,September,,,
CCF,342,262,U,2016,September,,,
CCF,433,578,U,2016,September,,,
CCF,407,472,U,2016,September,,,
CCF,494,896,U,2016,September,,,
CCF,510,998,U,2016,September,,,
CCF,440,614,U,2016,September,,,
CCF,425,548,U,2016,September,,,
CCF,446,648,U,2016,September,,,
CCF,468,766,U,2016,September,,,
CCF,406,480,U,2016,September,,,
CCF,462,748,U,2016,September,,,
CCF,384,408,U,2016,September,,,
CCF,292,166,U,2016,September,,,
CCF,453,706,U,2016,September,,,
CCF,427,584,U,2016,September,,,
CCF,260,114,U,2016,September,,,
CCF,422,564,U,2016,September,,,
CCF,383,416,U,2016,September,,,
CCF,379,404,U,2016,September,,,
CCF,671,2684,U,2016,September,,,
CCF,373,388,U,2016,September,,,
CCF,388,442,U,2016,September,,,
CCF,483,916,U,2016,September,,,
CCF,674,2750,U,2016,September,,,
CCF,444,696,U,2016,September,,,
CCF,415,558,U,2016,September,,,
CCF,422,592,U,2016,September,,,
CCF,267,132,U,2016,September,,,
CCF,507,1092,U,2016,September,,,
CCF,442,698,U,2016,September,,,
CCF,536,1324,U,2016,September,,,
CCF,322,250,U,2016,September,,,
CCF,481,938,U,2016,September,,,
CCF,406,542,U,2016,September,,,
CCF,511,1160,U,2016,September,,,
CCF,417,596,U,2016,September,,,
CCF,230,84,U,2016,September,,,
CCF,471,892,U,2016,September,,,
CCF,499,1082,U,2016,September,,,
CCF,393,498,U,2016,September,,,
CCF,515,1218,U,2016,September,,,
CCF,463,858,U,2016,September,,,
CCF,386,476,U,2016,September,,,
CCF,231,88,U,2016,September,,,
CCF,255,122,U,2016,September,,,
CCF,226,82,U,2016,September,,,
CCF,433,704,U,2016,September,,,
CCF,205,60,U,2016,September,,,
CCF,211,66,U,2016,September,,,
CCF,486,1036,U,2016,September,,,
CCF,381,470,U,2016,September,,,
CCF,514,1264,U,2016,September,,,
CCF,456,856,U,2016,September,,,
CCF,275,163,U,2016,September,,,
CCF,286,186,U,2016,September,,,
CCF,424,696,U,2016,September,,,
CCF,216,84,U,2016,September,,,
CCF,206,72,U,2016,September,,,
CCF,348,406,U,2016,September,,,
CCF,227,100,U,2016,September,,,
CCF,223,106,U,2016,September,,,
CCF,197,80,U,2016,September,,,
CCF,212,120,U,2016,September,,,
CCF,198,104,U,2016,September,,,
CCF,,,U,2016,September,,,
WAE,242,109,F,2015,May,1,,
WAE,273,204,F,2015,May,1,,
WAE,191,62,U,2015,May,1,,
WAE,200,65,U,2015,May,1,,
WAE,203,64,U,2015,May,1,,
WAE,207,64,U,2015,May,1,,
WAE,210,66.6,U,2015,May,1,,
WAE,211,66,U,2015,May,1,,
WAE,215,74,U,2015,May,1,,
WAE,221,92,U,2015,May,1,,
WAE,225,84.2,U,2015,May,1,,
WAE,229,93,U,2015,May,1,,
WAE,231,91.8,U,2015,May,1,,
WAE,235,113.4,U,2015,May,1,,
WAE,239,127,U,2015,May,1,,
WAE,245,147.8,U,2015,May,1,,
WAE,254,133,U,2015,May,1,,
WAE,255,143.8,U,2015,May,1,,
WAE,261,180.8,U,2015,May,1,,
WAE,263,159,U,2015,May,1,,
WAE,270,176.5,U,2015,May,1,,
WAE,281,196.2,U,2015,May,1,,
WAE,211,75,M,2015,May,1,,
WAE,215,81,M,2015,May,1,,
WAE,275,183,M,2015,May,1,,
WAE,217,,U,2015,May,1,,
WAE,229,99,U,2015,May,1,,
WAE,245,,U,2015,May,1,,
WAE,322,322,F,2015,May,2,1,185.7650406
WAE,331,357,F,2015,May,2,1,194.1077414
WAE,365,450,F,2015,May,2,1,256.6465881
WAE,369,488,F,2015,May,2,1,257.6141111
WAE,380,525,F,2015,May,2,1,276.9649032
WAE,380,504,F,2015,May,2,1,261.6968135
WAE,302,254.9,U,2015,May,2,,
WAE,305,266.8,U,2015,May,2,1,203.106971
WAE,321,300,U,2015,May,2,1,206.1571033
WAE,322,325.6,U,2015,May,2,1,197.1130971
WAE,324,338,U,2015,May,2,1,210.775105
WAE,326,327,U,2015,May,2,1,189.0132184
WAE,330,378,U,2015,May,2,1,205.5217552
WAE,390,528,U,2015,May,2,1,265.3693715
WAE,285,191.2,M,2015,May,2,,
WAE,341,346,M,2015,May,2,1,223.9159436
WAE,353,390,M,2015,May,2,1,225.5224967
WAE,354,,M,2015,May,2,1,230.8093087
WAE,355,428,M,2015,May,2,,
WAE,357,,M,2015,May,2,1,234.1205825
WAE,365,453,M,2015,May,2,1,264.9229637
WAE,370,548,M,2015,May,2,1,259.3586345
WAE,396,570,M,2015,May,2,1,269.9724004
WAE,323,332,U,2015,May,2,1,237.3779384
WAE,376,570,F,2015,May,3,2,292.4337156
WAE,380,545,F,2015,May,3,2,274.5674773
WAE,420,726,F,2015,May,3,2,345.010835
WAE,425,661,F,2015,May,3,2,345.531638
WAE,426,840,F,2015,May,3,2,330.8124003
WAE,334,410,U,2015,May,3,2,258.9299258
WAE,342,,M,2015,May,3,2,259.4221052
WAE,405,573,M,2015,May,3,2,305.6446129
WAE,410,450,M,2015,May,3,2,326.992512
WAE,440,845,M,2015,May,3,2,368.1491862
WAE,454,976,M,2015,May,3,2,355.2022351
WAE,438,813,U,2015,May,3,2,357.638321
WAE,447,940,F,2015,May,4,3,370.951515
WAE,451,800,F,2015,May,4,3,381.1794598
WAE,458,890,F,2015,May,4,3,383.5214054
WAE,481,1152,F,2015,May,4,3,399.6948183
WAE,481,1170,F,2015,May,4,3,414.3723267
WAE,486,1256,F,2015,May,4,3,401.0984372
WAE,495,1142,F,2015,May,4,3,428.5936991
WAE,497,1164,F,2015,May,4,3,437.3516569
WAE,504,1230,F,2015,May,4,3,441.8569737
WAE,509,1190,F,2015,May,4,3,461.1684018
WAE,516,1130,F,2015,May,4,3,442.1903186
WAE,530,1461,F,2015,May,4,3,458.8702626
WAE,545,1473,F,2015,May,4,3,474.6756935
WAE,550,1675,F,2015,May,4,3,482.5086469
WAE,399,600,U,2015,May,4,3,356.9166092
WAE,424,746,M,2015,May,4,3,375.7631817
WAE,427,,M,2015,May,4,3,367.4818188
WAE,443,,M,2015,May,4,3,388.1069421
WAE,448,,M,2015,May,4,3,406.9003558
WAE,450,833,M,2015,May,4,3,400.7832198
WAE,455,864,M,2015,May,4,3,400.1769488
WAE,461,,M,2015,May,4,3,399.2288196
WAE,462,,M,2015,May,4,3,414.5764217
WAE,463,,M,2015,May,4,3,411.7270874
WAE,468,,M,2015,May,4,3,413.9815579
WAE,468,,M,2015,May,4,3,417.6835388
WAE,469,,M,2015,May,4,3,410.1368691
WAE,470,,M,2015,May,4,3,398.4125654
WAE,471,,M,2015,May,4,3,425.8797127
WAE,473,,M,2015,May,4,3,423.4411616
WAE,476,,M,2015,May,4,3,417.2965754
WAE,480,,M,2015,May,4,3,430.1322705
WAE,481,,M,2015,May,4,3,420.8410167
WAE,482,,M,2015,May,4,3,415.7242191
WAE,485,1130,M,2015,May,4,3,425.0905323
WAE,490,,M,2015,May,4,3,430.6486833
WAE,495,,M,2015,May,4,3,449.3819594
WAE,505,1244,M,2015,May,4,3,432.693236
WAE,527,1460,M,2015,May,4,3,464.6697843
WAE,560,698,M,2015,May,4,3,489.240635
WAE,494,1160,F,2015,May,5,4,437.475551
WAE,498,1188,F,2015,May,5,4,447.5773696
WAE,532,1620,F,2015,May,5,4,477.5832158
WAE,535,1570,F,2015,May,5,4,481.3576332
WAE,541,1390,F,2015,May,5,4,502.4496774
WAE,555,1361,F,2015,May,5,4,499.7376765
WAE,560,1854,F,2015,May,5,4,505.6667597
WAE,565,1760,F,2015,May,5,4,511.1886003
WAE,565,,F,2015,May,5,4,508.2713291
WAE,567,1790,F,2015,May,5,4,511.9719061
WAE,568,1635,F,2015,May,5,4,513.1370463
WAE,569,1660,F,2015,May,5,4,521.9411172
WAE,570,1580,F,2015,May,5,4,515.2257314
WAE,571,1920,F,2015,May,5,4,515.3630407
WAE,572,1848,F,2015,May,5,4,519.1652898
WAE,573,1710,F,2015,May,5,4,516.8519841
WAE,575,1656,F,2015,May,5,4,523.5363142
WAE,585,1900,F,2015,May,5,4,523.0065547
WAE,590,,F,2015,May,5,4,530.4554446
WAE,593,2058,F,2015,May,5,4,537.4825304
WAE,596,1780,F,2015,May,5,4,538.0369953
WAE,597,2100,F,2015,May,5,4,542.0480323
WAE,597,2086,F,2015,May,5,4,529.4209075
WAE,615,2161,F,2015,May,5,4,559.9672261
WAE,457,,M,2015,May,5,4,412.3642431
WAE,462,,M,2015,May,5,4,421.1049618
WAE,463,,M,2015,May,5,4,415.2649401
WAE,466,870,M,2015,May,5,4,421.0997108
WAE,466,954,M,2015,May,5,4,428.0858634
WAE,466,944,M,2015,May,5,4,419.5984584
WAE,476,,M,2015,May,5,4,424.2762712
WAE,476,,M,2015,May,5,4,433.0062175
WAE,477,1020,M,2015,May,5,4,433.4404435
WAE,480,1061,M,2015,May,5,4,432.8340057
WAE,485,1238,M,2015,May,5,4,437.6811124
WAE,488,,M,2015,May,5,4,446.8111706
WAE,495,,M,2015,May,5,4,448.7448908
WAE,496,1260,M,2015,May,5,4,455.0785497
WAE,498,,M,2015,May,5,4,451.4278778
WAE,500,1234,M,2015,May,5,4,448.9740648
WAE,501,1346,M,2015,May,5,4,453.883946
WAE,507,1306,M,2015,May,5,4,460.3712799
WAE,508,,M,2015,May,5,4,459.9986205
WAE,508,,M,2015,May,5,4,460.7459677
WAE,511,1418,M,2015,May,5,4,470.3142453
WAE,514,1370,M,2015,May,5,4,478.3911313
WAE,515,,M,2015,May,5,4,473.2612302
WAE,516,,M,2015,May,5,4,472.2806426
WAE,517,,M,2015,May,5,4,468.192569
WAE,517,,M,2015,May,5,4,472.6302816
WAE,517,,M,2015,May,5,4,474.4054229
WAE,520,,M,2015,May,5,,
WAE,522,1308,M,2015,May,5,4,478.5455843
WAE,523,1450,M,2015,May,5,4,480.0762719
WAE,525,,M,2015,May,5,4,477.9188075
WAE,526,,M,2015,May,5,4,470.0110933
WAE,527,,M,2015,May,5,4,478.1409086
WAE,527,,M,2015,May,5,4,472.878254
WAE,528,,M,2015,May,5,4,481.1023822
WAE,530,,M,2015,May,5,4,488.5711481
WAE,530,,M,2015,May,5,4,502.1726998
WAE,534,,M,2015,May,5,4,487.9095408
WAE,535,,M,2015,May,5,4,498.3940861
WAE,535,,M,2015,May,5,4,487.0024837
WAE,537,,M,2015,May,5,4,494.5378158
WAE,537,1380,M,2015,May,5,4,487.9523401
WAE,546,,M,2015,May,5,4,494.7805982
WAE,553,1600,M,2015,May,5,4,496.0690156
WAE,571,1920,F,2015,May,6,5,533.7591732
WAE,585,2027,F,2015,May,6,5,539.8286953
WAE,490,1205,M,2015,May,6,5,456.4891312
WAE,491,1222,M,2015,May,6,5,443.139004
WAE,503,1299,M,2015,May,6,5,463.4841737
WAE,512,1238,M,2015,May,6,5,476.5511795
WAE,516,1350,M,2015,May,6,5,477.9952752
WAE,522,1300,M,2015,May,6,5,494.9705994
WAE,556,,M,2015,May,6,5,515.7693049
WAE,575,1620,M,2015,May,6,5,522.1423574
WAE,705,3560,F,2015,May,8,7,668.8465191
WAE,533,,M,2015,May,8,7,499.9718138
WAE,541,,M,2015,May,8,7,511.098377
WAE,559,1740,M,2015,May,8,7,528.6581432
WAE,560,1740,M,2015,May,8,7,533.7813213
WAE,581,1734,M,2015,May,8,7,553.0863753
WAE,590,1872,M,2015,May,8,7,557.4560069
WAE,595,2009,M,2015,May,8,7,556.4269198
WAE,603,,M,2015,May,8,7,572.9487099
WAE,715,3830,F,2015,May,9,8,670.8621584
WAE,616,2138,M,2015,May,9,8,582.5751898
WAE,710,3410,F,2015,May,10,9,694.9172073
WAE,595,,M,2015,May,10,9,569.8399663
WAE,595,2310,M,2015,May,10,9,572.9395219
WAE,599,,M,2015,May,10,9,586.4493733
WAE,622,2408,M,2015,May,10,9,596.3745954
WAE,632,2697,M,2015,May,10,9,607.6493972
WAE,700,3730,F,2015,May,11,10,676.3894472
WAE,705,3868,F,2015,May,11,10,675.2033858
WAE,713,3930,F,2015,May,12,11,687.5753903
WAE,753,4638,F,2015,May,12,11,721.296262
WAE,676,3080,M,2015,May,12,11,655.731287
WAE,721,3620,F,2015,May,13,12,693.6867413
WAE,750,4846,F,2015,May,13,12,718.6736922
WAE,600,2119,M,2015,May,13,12,587.8234765
WAE,576,,M,2015,May,14,13,561.2100821
WAE,586,1918,M,2015,May,14,13,566.7094257
WAE,593,2220,M,2015,May,14,13,576.7783976
WAE,604,,M,2015,May,16,15,590.3103906
WAE,670,,M,2015,May,16,15,647.6851082
WAE,685,3322,M,2015,May,18,17,677.8543381
WAE,460,1029,F,2015,May,,,
WAE,467,980,F,2015,May,,,
WAE,505,,F,2015,May,,,
WAE,513,1189,F,2015,May,,,
WAE,515,1305,F,2015,May,,,
WAE,519,1316,F,2015,May,,,
WAE,519,,F,2015,May,,,
WAE,525,1503,F,2015,May,,,
WAE,525,1244,F,2015,May,,,
WAE,528,1496,F,2015,May,,,
WAE,545,1639,F,2015,May,,,
WAE,563,1492,F,2015,May,,,
WAE,571,1888,F,2015,May,,,
WAE,595,1862,F,2015,May,,,
WAE,649,,F,2015,May,,,
WAE,712,3680,F,2015,May,,,
WAE,724,3806,F,2015,May,,,
WAE,429,,M,2015,May,,,
WAE,430,,M,2015,May,,,
WAE,438,,M,2015,May,,,
WAE,444,,M,2015,May,,,
WAE,445,,M,2015,May,,,
WAE,446,835,M,2015,May,,,
WAE,446,,M,2015,May,,,
WAE,450,,M,2015,May,,,
WAE,451,,M,2015,May,,,
WAE,454,,M,2015,May,,,
WAE,456,,M,2015,May,,,
WAE,462,,M,2015,May,,,
WAE,469,,M,2015,May,,,
WAE,470,,M,2015,May,,,
WAE,470,,M,2015,May,,,
WAE,472,,M,2015,May,,,
WAE,472,,M,2015,May,,,
WAE,473,,M,2015,May,,,
WAE,474,,M,2015,May,,,
WAE,475,,M,2015,May,,,
WAE,478,,M,2015,May,,,
WAE,480,1198,M,2015,May,,,
WAE,482,1120,M,2015,May,,,
WAE,483,,M,2015,May,,,
WAE,483,,M,2015,May,,,
WAE,485,,M,2015,May,,,
WAE,485,,M,2015,May,,,
WAE,485,,M,2015,May,,,
WAE,486,1054,M,2015,May,,,
WAE,487,,M,2015,May,,,
WAE,488,,M,2015,May,,,
WAE,488,,M,2015,May,,,
WAE,490,,M,2015,May,,,
WAE,490,,M,2015,May,,,
WAE,492,1052,M,2015,May,,,
WAE,492,,M,2015,May,,,
WAE,498,,M,2015,May,,,
WAE,499,,M,2015,May,,,
WAE,500,,M,2015,May,,,
WAE,502,,M,2015,May,,,
WAE,502,,M,2015,May,,,
WAE,505,,M,2015,May,,,
WAE,505,,M,2015,May,,,
WAE,508,,M,2015,May,,,
WAE,510,,M,2015,May,,,
WAE,512,,M,2015,May,,,
WAE,514,,M,2015,May,,,
WAE,522,,M,2015,May,,,
WAE,526,,M,2015,May,,,
WAE,527,,M,2015,May,,,
WAE,527,,M,2015,May,,,
WAE,529,,M,2015,May,,,
WAE,533,1360,M,2015,May,,,
WAE,536,,M,2015,May,,,
WAE,538,1563,M,2015,May,,,
WAE,545,,M,2015,May,,,
WAE,545,,M,2015,May,,,
WAE,574,,M,2015,May,,,
WAE,578,,M,2015,May,,,
WAE,604,,M,2015,May,,,
WAE,624,,M,2015,May,,,
WAE,635,2350,M,2015,May,,,
WAE,658,3092,M,2015,May,,,
WAE,687,,M,2015,May,,,
WAE,332,,U,2015,May,,,
WAE,402,540,U,2015,May,,,
WAE,405,590,U,2015,May,,,
WAE,416,756,U,2015,May,,,
WAE,435,900,U,2015,May,,,
WAE,435,804,U,2015,May,,,
WAE,443,,U,2015,May,,,
WAE,479,1053,U,2015,May,,,
WAE,481,920,U,2015,May,,,
WAE,482,,U,2015,May,,,
WAE,484,,U,2015,May,,,
WAE,485,1068,U,2015,May,,,
WAE,490,1185,U,2015,May,,,
WAE,490,1198,U,2015,May,,,
WAE,491,1060,U,2015,May,,,
WAE,495,,U,2015,May,,,
WAE,500,1190,U,2015,May,,,
WAE,502,1140,U,2015,May,,,
WAE,504,1150,U,2015,May,,,
WAE,505,1344,U,2015,May,,,
WAE,510,,U,2015,May,,,
WAE,516,1230,U,2015,May,,,
WAE,527,,U,2015,May,,,
WAE,527,1295,U,2015,May,,,
WAE,530,1414,U,2015,May,,,
WAE,538,1500,U,2015,May,,,
WAE,545,,U,2015,May,,,
WAE,560,1833,U,2015,May,,,
WAE,565,1822,U,2015,May,,,
WAE,574,1706,U,2015,May,,,
WAE,592,1960,U,2015,May,,,
WAE,596,,U,2015,May,,,
WAE,632,2430,U,2015,May,,,
WAE,653,,U,2015,May,,,
WAE,720,3622,U,2015,May,,,
WAE,,,U,2015,May,,,
WAE,157,37,F,2015,September,0,,
WAE,174,48,F,2015,September,0,,
WAE,182,44,F,2015,September,0,,
WAE,183,54,F,2015,September,0,,
WAE,184,44,F,2015,September,0,,
WAE,186,54,F,2015,September,0,,
WAE,192,48,F,2015,September,0,,
WAE,192,46,F,2015,September,0,,
WAE,193,65,F,2015,September,0,,
WAE,194,62,F,2015,September,0,,
WAE,195,53,F,2015,September,0,,
WAE,195,60,F,2015,September,0,,
WAE,198,56,F,2015,September,0,,
WAE,200,56,F,2015,September,0,,
WAE,202,61,F,2015,September,0,,
WAE,204,64,F,2015,September,0,,
WAE,209,70,F,2015,September,0,,
WAE,227,94,F,2015,September,0,,
WAE,171,44,M,2015,September,0,,
WAE,178,40,M,2015,September,0,,
WAE,180,49,M,2015,September,0,,
WAE,183,51,M,2015,September,0,,
WAE,187,50,M,2015,September,0,,
WAE,187,52,M,2015,September,0,,
WAE,188,52,M,2015,September,0,,
WAE,189,59,M,2015,September,0,,
WAE,190,55,M,2015,September,0,,
WAE,192,54,M,2015,September,0,,
WAE,192,58,M,2015,September,0,,
WAE,195,59,M,2015,September,0,,
WAE,195,56,M,2015,September,0,,
WAE,197,56,M,2015,September,0,,
WAE,198,58,M,2015,September,0,,
WAE,201,50,M,2015,September,0,,
WAE,202,57,M,2015,September,0,,
WAE,203,68,M,2015,September,0,,
WAE,207,69,M,2015,September,0,,
WAE,210,80,M,2015,September,0,,
WAE,212,79,M,2015,September,0,,
WAE,212,73,M,2015,September,0,,
WAE,213,84,M,2015,September,0,,
WAE,249,113,M,2015,September,0,,
WAE,249,136,M,2015,September,0,,
WAE,167,39,U,2015,September,0,,
WAE,169,40,U,2015,September,0,,
WAE,175,50,U,2015,September,0,,
WAE,175,43,U,2015,September,0,,
WAE,180,44,U,2015,September,0,,
WAE,183,46,U,2015,September,0,,
WAE,186,50,U,2015,September,0,,
WAE,187,49,U,2015,September,0,,
WAE,187,58,U,2015,September,0,,
WAE,188,55,U,2015,September,0,,
WAE,188,50,U,2015,September,0,,
WAE,190,,U,2015,September,0,,
WAE,191,40,U,2015,September,0,,
WAE,197,59,U,2015,September,0,,
WAE,197,63,U,2015,September,0,,
WAE,198,50,U,2015,September,0,,
WAE,203,72,U,2015,September,0,,
WAE,203,62,U,2015,September,0,,
WAE,211,64,U,2015,September,0,,
WAE,360,408,F,2015,September,1,1,258.5530129
WAE,255,144,F,2015,September,1,1,159.502508
WAE,262,139,F,2015,September,1,1,188.7870748
WAE,272,158,F,2015,September,1,1,178.2497338
WAE,274,154,F,2015,September,1,1,173.9231555
WAE,275,180,F,2015,September,1,1,190.2267662
WAE,284,191,F,2015,September,1,1,210.6875938
WAE,285,185,F,2015,September,1,1,215.4437462
WAE,290,199,F,2015,September,1,1,211.6715282
WAE,292,206,F,2015,September,1,1,230.3222178
WAE,296,198,F,2015,September,1,1,212.3720618
WAE,300,251,F,2015,September,1,1,225.460411
WAE,301,234,F,2015,September,1,1,220.6802659
WAE,302,230,F,2015,September,1,1,241.220834
WAE,307,243,F,2015,September,1,1,219.884144
WAE,308,270,F,2015,September,1,1,232.0897917
WAE,308,240,F,2015,September,1,1,225.908398
WAE,314,247,F,2015,September,1,1,228.7627123
WAE,314,284,F,2015,September,1,1,228.2411155
WAE,320,269,F,2015,September,1,1,233.8226935
WAE,320,275,F,2015,September,1,1,243.2713684
WAE,323,268,F,2015,September,1,1,249.5947562
WAE,323,280,F,2015,September,1,1,246.9983488
WAE,326,281,F,2015,September,1,1,235.4061121
WAE,329,307,F,2015,September,1,1,246.7529622
WAE,330,290,F,2015,September,1,1,240.4465872
WAE,332,360,F,2015,September,1,1,254.7042335
WAE,335,302,F,2015,September,1,1,244.6852208
WAE,340,304,F,2015,September,1,1,254.164078
WAE,343,376,F,2015,September,1,1,262.9183148
WAE,345,349,F,2015,September,1,1,245.7490398
WAE,345,336,F,2015,September,1,1,247.0787482
WAE,345,353,F,2015,September,1,1,263.6693188
WAE,348,352,F,2015,September,1,1,274.8214595
WAE,349,341,F,2015,September,1,1,249.2998513
WAE,350,413,F,2015,September,1,1,256.0502181
WAE,350,343,F,2015,September,1,1,247.2822301
WAE,352,347,F,2015,September,1,1,271.6011181
WAE,355,395,F,2015,September,1,1,268.2146122
WAE,355,360,F,2015,September,1,1,265.2958393
WAE,357,420,F,2015,September,1,1,271.6551125
WAE,357,428,F,2015,September,1,1,260.0543841
WAE,357,379,F,2015,September,1,1,280.1234589
WAE,359,422,F,2015,September,1,1,255.27473
WAE,360,413,F,2015,September,1,1,263.2335209
WAE,364,400,F,2015,September,1,1,284.4822413
WAE,366,387,F,2015,September,1,1,282.7708946
WAE,367,455,F,2015,September,1,1,282.8726929
WAE,373,463,F,2015,September,1,1,280.7637009
WAE,375,431,F,2015,September,1,1,285.7774518
WAE,380,628,F,2015,September,1,1,311.6100913
WAE,380,467,F,2015,September,1,1,274.3597116
WAE,385,498,F,2015,September,1,1,294.0441031
WAE,388,,F,2015,September,1,1,296.0514375
WAE,240,119,M,2015,September,1,1,164.0308276
WAE,255,147,M,2015,September,1,1,172.5923852
WAE,257,145,M,2015,September,1,1,191.4670988
WAE,269,163,M,2015,September,1,1,184.8969933
WAE,276,170,M,2015,September,1,1,214.9750827
WAE,277,198,M,2015,September,1,1,185.7639787
WAE,280,199,M,2015,September,1,1,189.7378862
WAE,283,197,M,2015,September,1,1,206.9732258
WAE,287,191,M,2015,September,1,1,188.0017476
WAE,290,183,M,2015,September,1,1,209.1493338
WAE,290,193,M,2015,September,1,1,218.3104505
WAE,291,234,M,2015,September,1,1,205.286351
WAE,294,205,M,2015,September,1,1,218.0342205
WAE,294,192,M,2015,September,1,1,229.0470713
WAE,295,222,M,2015,September,1,1,217.0131404
WAE,301,226,M,2015,September,1,1,232.3723936
WAE,301,228,M,2015,September,1,1,215.8043606
WAE,306,259,M,2015,September,1,1,220.8249921
WAE,307,239,M,2015,September,1,1,224.4447639
WAE,307,255,M,2015,September,1,1,221.3029616
WAE,310,337,M,2015,September,1,1,234.8077977
WAE,312,254,M,2015,September,1,1,242.7829016
WAE,312,299,M,2015,September,1,1,239.2061007
WAE,312,250,M,2015,September,1,1,244.5696473
WAE,315,230,M,2015,September,1,1,233.4642229
WAE,315,255,M,2015,September,1,1,231.4071906
WAE,316,300,M,2015,September,1,1,242.2118526
WAE,321,280,M,2015,September,1,1,231.5326888
WAE,324,260,M,2015,September,1,1,242.052588
WAE,326,308,M,2015,September,1,1,245.1990972
WAE,328,291,M,2015,September,1,1,227.4897924
WAE,330,307,M,2015,September,1,1,239.9580871
WAE,330,307,M,2015,September,1,1,248.4131707
WAE,330,306,M,2015,September,1,1,248.0577209
WAE,335,349,M,2015,September,1,1,272.7443392
WAE,335,333,M,2015,September,1,1,256.5771439
WAE,336,302,M,2015,September,1,1,261.6263713
WAE,337,354,M,2015,September,1,1,252.8791237
WAE,337,324,M,2015,September,1,1,249.1119331
WAE,342,339,M,2015,September,1,1,242.8636056
WAE,343,334,M,2015,September,1,1,246.3909886
WAE,346,356,M,2015,September,1,1,260.7044443
WAE,349,363,M,2015,September,1,1,211.3347092
WAE,354,374,M,2015,September,1,1,267.0688494
WAE,373,400,M,2015,September,1,1,274.3709038
WAE,246,108,M,2015,September,1,1,185.0356036
WAE,355,386,M,2015,September,1,1,278.5095072
WAE,361,448,M,2015,September,1,1,285.1968305
WAE,379,485,M,2015,September,1,1,285.3714569
WAE,384,513,M,2015,September,1,1,242.9916366
WAE,395,550,M,2015,September,1,1,280.9772647
WAE,250,120,U,2015,September,1,1,179.078202
WAE,266,146,U,2015,September,1,1,195.1874027
WAE,332,278,U,2015,September,1,1,265.0826312
WAE,353,391,U,2015,September,1,1,249.7528342
WAE,360,401,U,2015,September,1,1,266.0147473
WAE,419,643,F,2015,September,2,2,356.8137221
WAE,427,746,F,2015,September,2,2,367.3365473
WAE,445,735,F,2015,September,2,2,362.0131371
WAE,476,935,F,2015,September,2,2,406.5306134
WAE,360,427,F,2015,September,2,2,294.6029072
WAE,361,406,F,2015,September,2,2,295.2911037
WAE,375,483,F,2015,September,2,2,302.811581
WAE,380,475,F,2015,September,2,2,308.4578212
WAE,386,490,F,2015,September,2,2,302.869175
WAE,392,530,F,2015,September,2,2,322.2023307
WAE,398,563,F,2015,September,2,2,294.0676278
WAE,409,661,F,2015,September,2,2,339.9001783
WAE,415,620,F,2015,September,2,2,355.5868095
WAE,416,556,F,2015,September,2,2,342.9232463
WAE,440,695,F,2015,September,2,2,375.1649239
WAE,457,860,F,2015,September,2,2,389.3454012
WAE,378,487,M,2015,September,2,2,314.8492922
WAE,382,506,M,2015,September,2,2,313.7633798
WAE,374,448,M,2015,September,2,2,312.1693818
WAE,400,580,M,2015,September,2,2,325.5071044
WAE,406,580,M,2015,September,2,2,332.2342379
WAE,410,645,M,2015,September,2,2,338.2283728
WAE,433,816,M,2015,September,2,2,354.7542578
WAE,445,776,M,2015,September,2,2,379.8119164
WAE,438,933,F,2015,September,3,3,378.9284083
WAE,466,1071,F,2015,September,3,3,411.0911214
WAE,470,1106,F,2015,September,3,3,417.2343092
WAE,471,961,F,2015,September,3,3,400.475815
WAE,483,1277,F,2015,September,3,3,422.5366676
WAE,490,1188,F,2015,September,3,3,435.7368767
WAE,509,1364,F,2015,September,3,3,454.3619057
WAE,512,1387,F,2015,September,3,3,449.1365507
WAE,515,1421,F,2015,September,3,3,451.0050389
WAE,521,1455,F,2015,September,3,3,457.6977162
WAE,368,422,F,2015,September,3,3,300.0556599
WAE,424,697,F,2015,September,3,,
WAE,446,812,M,2015,September,3,3,389.914251
WAE,446,901,M,2015,September,3,3,389.1886825
WAE,463,997,M,2015,September,3,3,418.2663021
WAE,477,962,M,2015,September,3,3,423.5795323
WAE,508,1250,M,2015,September,3,3,448.3281278
WAE,565,1008,M,2015,September,3,3,499.8829522
WAE,448,875,F,2015,September,4,4,411.3439927
WAE,460,977,F,2015,September,4,4,423.2690414
WAE,464,999,F,2015,September,4,4,425.2340676
WAE,478,1076,F,2015,September,4,4,443.3659473
WAE,485,1146,F,2015,September,4,4,445.7188585
WAE,485,1000,F,2015,September,4,4,445.8671707
WAE,488,961,F,2015,September,4,4,440.2067134
WAE,488,1135,F,2015,September,4,4,443.4442266
WAE,491,1198,F,2015,September,4,4,440.0167644
WAE,496,1220,F,2015,September,4,4,441.8155432
WAE,496,1170,F,2015,September,4,4,456.6804412
WAE,503,1289,F,2015,September,4,4,468.8332318
WAE,504,1249,F,2015,September,4,4,464.5849632
WAE,512,1258,F,2015,September,4,4,466.0426269
WAE,515,1459,F,2015,September,4,4,466.2623889
WAE,520,1242,F,2015,September,4,4,479.0221055
WAE,522,1250,F,2015,September,4,4,476.0492925
WAE,525,1434,F,2015,September,4,4,475.7765514
WAE,527,1290,F,2015,September,4,4,484.9238655
WAE,533,1437,F,2015,September,4,4,485.4799671
WAE,537,1600,F,2015,September,4,4,484.1869052
WAE,540,1453,F,2015,September,4,4,480.2555299
WAE,544,1492,F,2015,September,4,4,483.8184804
WAE,556,1855,F,2015,September,4,4,510.0568606
WAE,559,1670,F,2015,September,4,4,509.6207335
WAE,560,1872,F,2015,September,4,4,510.0663677
WAE,568,1792,F,2015,September,4,4,517.3216441
WAE,570,1940,F,2015,September,4,4,525.3182629
WAE,425,1200,M,2015,September,4,4,390.8494646
WAE,453,812,M,2015,September,4,4,400.9946473
WAE,454,896,M,2015,September,4,4,400.3142074
WAE,458,969,M,2015,September,4,4,419.4934077
WAE,471,1018,M,2015,September,4,4,443.1743372
WAE,476,1202,M,2015,September,4,4,444.470542
WAE,476,,M,2015,September,4,4,433.0872443
WAE,478,1136,M,2015,September,4,4,434.3568646
WAE,478,1160,M,2015,September,4,4,444.6695533
WAE,480,1120,M,2015,September,4,4,440.3037592
WAE,480,1157,M,2015,September,4,4,443.1949932
WAE,490,1127,M,2015,September,4,4,447.4694009
WAE,493,1224,M,2015,September,4,4,450.8763116
WAE,515,1308,M,2015,September,4,4,474.1671379
WAE,523,1468,M,2015,September,4,4,482.6106622
WAE,535,1583,M,2015,September,4,4,495.4506814
WAE,511,1341,F,2015,September,5,5,482.3745455
WAE,513,1286,F,2015,September,5,5,482.3265622
WAE,526,1528,F,2015,September,5,5,490.7086195
WAE,532,1480,F,2015,September,5,5,498.1377797
WAE,535,1507,F,2015,September,5,5,502.6057203
WAE,543,1616,F,2015,September,5,5,509.7533775
WAE,548,1625,F,2015,September,5,5,513.807898
WAE,555,1769,F,2015,September,5,5,526.2679278
WAE,570,2008,F,2015,September,5,5,528.7365756
WAE,574,1976,F,2015,September,5,5,538.2909957
WAE,578,2085,F,2015,September,5,5,537.0719372
WAE,581,2184,F,2015,September,5,5,543.3636415
WAE,601,2210,F,2015,September,5,5,553.228182
WAE,604,2110,F,2015,September,5,5,561.3509625
WAE,609,2507,F,2015,September,5,5,567.8565548
WAE,506,1314,M,2015,September,5,5,471.7856525
WAE,507,1392,M,2015,September,5,5,475.347066
WAE,507,1501,M,2015,September,5,,
WAE,513,1245,M,2015,September,5,5,473.9965451
WAE,523,1585,M,2015,September,5,5,484.4311504
WAE,536,1461,M,2015,September,5,5,501.3257321
WAE,546,1781,M,2015,September,5,5,507.0493069
WAE,561,1939,M,2015,September,5,5,519.4099907
WAE,562,1745,M,2015,September,5,5,531.6064491
WAE,585,2130,M,2015,September,5,5,529.8957445
WAE,592,2151,M,2015,September,5,5,550.6789557
WAE,543,1819,F,2015,September,6,6,509.4957736
WAE,545,1840,F,2015,September,6,6,510.1268001
WAE,590,2209,F,2015,September,6,6,543.6450988
WAE,596,2513,F,2015,September,6,6,541.8553262
WAE,597,2387,F,2015,September,6,6,557.51666
WAE,603,2193,F,2015,September,6,6,561.9468914
WAE,623,2253,F,2015,September,6,6,586.8165667
WAE,675,3370,F,2015,September,8,8,640.7681006
WAE,601,2044,F,2015,September,10,10,581.4200598
WAE,431,737,F,2015,September,,,
WAE,470,,F,2015,September,,,
WAE,502,1220,F,2015,September,,,
WAE,510,1511,F,2015,September,,,
WAE,560,1892,F,2015,September,,,
WAE,563,1862,F,2015,September,,,
WAE,580,2092,F,2015,September,,,
WAE,190,,F,2015,September,,,
WAE,190,50,F,2015,September,,,
WAE,191,,F,2015,September,,,
WAE,197,,F,2015,September,,,
WAE,200,,F,2015,September,,,
WAE,201,,F,2015,September,,,
WAE,205,,F,2015,September,,,
WAE,207,,F,2015,September,,,
WAE,209,,F,2015,September,,,
WAE,210,74,F,2015,September,,,
WAE,211,,F,2015,September,,,
WAE,220,81,F,2015,September,,,
WAE,283,203,F,2015,September,,,
WAE,290,,F,2015,September,,,
WAE,290,205,F,2015,September,,,
WAE,314,,F,2015,September,,,
WAE,319,,F,2015,September,,,
WAE,330,,F,2015,September,,,
WAE,330,,F,2015,September,,,
WAE,331,,F,2015,September,,,
WAE,332,,F,2015,September,,,
WAE,334,,F,2015,September,,,
WAE,335,,F,2015,September,,,
WAE,341,,F,2015,September,,,
WAE,342,,F,2015,September,,,
WAE,344,,F,2015,September,,,
WAE,346,,F,2015,September,,,
WAE,350,,F,2015,September,,,
WAE,354,,F,2015,September,,,
WAE,356,,F,2015,September,,,
WAE,358,,F,2015,September,,,
WAE,360,,F,2015,September,,,
WAE,371,460,F,2015,September,,,
WAE,374,,F,2015,September,,,
WAE,376,487,F,2015,September,,,
WAE,377,469,F,2015,September,,,
WAE,383,,F,2015,September,,,
WAE,386,482,F,2015,September,,,
WAE,476,,F,2015,September,,,
WAE,499,1199,F,2015,September,,,
WAE,203,,M,2015,September,,,
WAE,207,,M,2015,September,,,
WAE,212,79,M,2015,September,,,
WAE,222,,M,2015,September,,,
WAE,235,212,M,2015,September,,,
WAE,268,181,M,2015,September,,,
WAE,275,171,M,2015,September,,,
WAE,302,,M,2015,September,,,
WAE,310,236,M,2015,September,,,
WAE,317,,M,2015,September,,,
WAE,329,,M,2015,September,,,
WAE,334,,M,2015,September,,,
WAE,336,,M,2015,September,,,
WAE,339,,M,2015,September,,,
WAE,340,,M,2015,September,,,
WAE,341,,M,2015,September,,,
WAE,344,,M,2015,September,,,
WAE,345,,M,2015,September,,,
WAE,352,,M,2015,September,,,
WAE,354,,M,2015,September,,,
WAE,355,,M,2015,September,,,
WAE,359,,M,2015,September,,,
WAE,360,,M,2015,September,,,
WAE,366,,M,2015,September,,,
WAE,371,,M,2015,September,,,
WAE,381,555,M,2015,September,,,
WAE,348,,M,2015,September,,,
WAE,385,585,M,2015,September,,,
WAE,386,522,M,2015,September,,,
WAE,393,537,M,2015,September,,,
WAE,396,530,M,2015,September,,,
WAE,403,650,M,2015,September,,,
WAE,410,665,M,2015,September,,,
WAE,430,700,M,2015,September,,,
WAE,456,1003,M,2015,September,,,
WAE,470,1066,M,2015,September,,,
WAE,474,,M,2015,September,,,
WAE,478,,M,2015,September,,,
WAE,497,1380,M,2015,September,,,
WAE,498,1334,M,2015,September,,,
WAE,511,,M,2015,September,,,
WAE,511,,M,2015,September,,,
WAE,511,,M,2015,September,,,
WAE,515,,M,2015,September,,,
WAE,515,,M,2015,September,,,
WAE,517,1382,M,2015,September,,,
WAE,519,,M,2015,September,,,
WAE,522,1578,M,2015,September,,,
WAE,181,57,U,2015,September,,,
WAE,186,,U,2015,September,,,
WAE,188,,U,2015,September,,,
WAE,188,,U,2015,September,,,
WAE,189,,U,2015,September,,,
WAE,190,,U,2015,September,,,
WAE,190,,U,2015,September,,,
WAE,190,59,U,2015,September,,,
WAE,192,,U,2015,September,,,
WAE,192,,U,2015,September,,,
WAE,192,,U,2015,September,,,
WAE,192,,U,2015,September,,,
WAE,194,,U,2015,September,,,
WAE,195,,U,2015,September,,,
WAE,195,,U,2015,September,,,
WAE,195,63,U,2015,September,,,
WAE,197,,U,2015,September,,,
WAE,197,,U,2015,September,,,
WAE,197,63,U,2015,September,,,
WAE,200,,U,2015,September,,,
WAE,200,,U,2015,September,,,
WAE,200,68,U,2015,September,,,
WAE,201,,U,2015,September,,,
WAE,202,69,U,2015,September,,,
WAE,205,,U,2015,September,,,
WAE,206,,U,2015,September,,,
WAE,207,,U,2015,September,,,
WAE,209,,U,2015,September,,,
WAE,209,,U,2015,September,,,
WAE,210,71,U,2015,September,,,
WAE,212,83,U,2015,September,,,
WAE,212,89,U,2015,September,,,
WAE,216,,U,2015,September,,,
WAE,221,102,U,2015,September,,,
WAE,224,95,U,2015,September,,,
WAE,262,157,U,2015,September,,,
WAE,274,,U,2015,September,,,
WAE,287,210,U,2015,September,,,
WAE,290,,U,2015,September,,,
WAE,291,,U,2015,September,,,
WAE,291,,U,2015,September,,,
WAE,294,,U,2015,September,,,
WAE,296,,U,2015,September,,,
WAE,297,,U,2015,September,,,
WAE,298,200,U,2015,September,,,
WAE,299,,U,2015,September,,,
WAE,300,,U,2015,September,,,
WAE,300,,U,2015,September,,,
WAE,300,,U,2015,September,,,
WAE,300,,U,2015,September,,,
WAE,300,,U,2015,September,,,
WAE,302,,U,2015,September,,,
WAE,303,,U,2015,September,,,
WAE,303,,U,2015,September,,,
WAE,303,,U,2015,September,,,
WAE,303,,U,2015,September,,,
WAE,303,,U,2015,September,,,
WAE,304,,U,2015,September,,,
WAE,305,,U,2015,September,,,
WAE,305,,U,2015,September,,,
WAE,305,,U,2015,September,,,
WAE,305,,U,2015,September,,,
WAE,306,,U,2015,September,,,
WAE,306,268,U,2015,September,,,
WAE,307,,U,2015,September,,,
WAE,308,,U,2015,September,,,
WAE,308,,U,2015,September,,,
WAE,308,,U,2015,September,,,
WAE,309,,U,2015,September,,,
WAE,309,,U,2015,September,,,
WAE,310,,U,2015,September,,,
WAE,310,,U,2015,September,,,
WAE,310,,U,2015,September,,,
WAE,311,,U,2015,September,,,
WAE,311,,U,2015,September,,,
WAE,311,,U,2015,September,,,
WAE,311,,U,2015,September,,,
WAE,311,,U,2015,September,,,
WAE,313,,U,2015,September,,,
WAE,313,,U,2015,September,,,
WAE,314,,U,2015,September,,,
WAE,314,,U,2015,September,,,
WAE,315,,U,2015,September,,,
WAE,315,,U,2015,September,,,
WAE,315,,U,2015,September,,,
WAE,315,,U,2015,September,,,
WAE,315,274,U,2015,September,,,
WAE,316,,U,2015,September,,,
WAE,316,,U,2015,September,,,
WAE,316,,U,2015,September,,,
WAE,317,,U,2015,September,,,
WAE,317,,U,2015,September,,,
WAE,317,,U,2015,September,,,
WAE,318,,U,2015,September,,,
WAE,318,,U,2015,September,,,
WAE,318,,U,2015,September,,,
WAE,318,,U,2015,September,,,
WAE,318,,U,2015,September,,,
WAE,319,,U,2015,September,,,
WAE,320,,U,2015,September,,,
WAE,320,,U,2015,September,,,
WAE,321,,U,2015,September,,,
WAE,321,,U,2015,September,,,
WAE,321,,U,2015,September,,,
WAE,322,,U,2015,September,,,
WAE,322,,U,2015,September,,,
WAE,322,,U,2015,September,,,
WAE,322,,U,2015,September,,,
WAE,323,,U,2015,September,,,
WAE,323,,U,2015,September,,,
WAE,324,,U,2015,September,,,
WAE,324,,U,2015,September,,,
WAE,324,,U,2015,September,,,
WAE,324,,U,2015,September,,,
WAE,325,,U,2015,September,,,
WAE,325,,U,2015,September,,,
WAE,325,,U,2015,September,,,
WAE,326,,U,2015,September,,,
WAE,327,,U,2015,September,,,
WAE,327,,U,2015,September,,,
WAE,327,,U,2015,September,,,
WAE,328,,U,2015,September,,,
WAE,328,,U,2015,September,,,
WAE,328,,U,2015,September,,,
WAE,328,,U,2015,September,,,
WAE,328,,U,2015,September,,,
WAE,328,,U,2015,September,,,
WAE,328,,U,2015,September,,,
WAE,329,,U,2015,September,,,
WAE,329,,U,2015,September,,,
WAE,329,,U,2015,September,,,
WAE,329,,U,2015,September,,,
WAE,329,,U,2015,September,,,
WAE,330,,U,2015,September,,,
WAE,330,,U,2015,September,,,
WAE,330,,U,2015,September,,,
WAE,330,,U,2015,September,,,
WAE,330,,U,2015,September,,,
WAE,330,,U,2015,September,,,
WAE,330,,U,2015,September,,,
WAE,331,,U,2015,September,,,
WAE,331,,U,2015,September,,,
WAE,331,,U,2015,September,,,
WAE,332,,U,2015,September,,,
WAE,333,,U,2015,September,,,
WAE,333,,U,2015,September,,,
WAE,333,,U,2015,September,,,
WAE,333,,U,2015,September,,,
WAE,334,,U,2015,September,,,
WAE,334,,U,2015,September,,,
WAE,335,,U,2015,September,,,
WAE,335,,U,2015,September,,,
WAE,335,,U,2015,September,,,
WAE,335,,U,2015,September,,,
WAE,335,,U,2015,September,,,
WAE,335,,U,2015,September,,,
WAE,336,,U,2015,September,,,
WAE,336,,U,2015,September,,,
WAE,336,,U,2015,September,,,
WAE,336,,U,2015,September,,,
WAE,336,,U,2015,September,,,
WAE,336,,U,2015,September,,,
WAE,337,,U,2015,September,,,
WAE,337,,U,2015,September,,,
WAE,338,,U,2015,September,,,
WAE,339,,U,2015,September,,,
WAE,340,,U,2015,September,,,
WAE,340,,U,2015,September,,,
WAE,340,,U,2015,September,,,
WAE,341,,U,2015,September,,,
WAE,341,,U,2015,September,,,
WAE,342,,U,2015,September,,,
WAE,342,,U,2015,September,,,
WAE,342,,U,2015,September,,,
WAE,343,,U,2015,September,,,
WAE,343,,U,2015,September,,,
WAE,344,,U,2015,September,,,
WAE,344,,U,2015,September,,,
WAE,344,,U,2015,September,,,
WAE,344,,U,2015,September,,,
WAE,345,,U,2015,September,,,
WAE,345,,U,2015,September,,,
WAE,345,,U,2015,September,,,
WAE,345,,U,2015,September,,,
WAE,345,377,U,2015,September,,,
WAE,345,,U,2015,September,,,
WAE,345,,U,2015,September,,,
WAE,346,,U,2015,September,,,
WAE,347,,U,2015,September,,,
WAE,347,,U,2015,September,,,
WAE,347,,U,2015,September,,,
WAE,348,,U,2015,September,,,
WAE,348,,U,2015,September,,,
WAE,348,,U,2015,September,,,
WAE,349,,U,2015,September,,,
WAE,350,,U,2015,September,,,
WAE,351,,U,2015,September,,,
WAE,351,,U,2015,September,,,
WAE,352,,U,2015,September,,,
WAE,352,,U,2015,September,,,
WAE,352,,U,2015,September,,,
WAE,352,,U,2015,September,,,
WAE,353,,U,2015,September,,,
WAE,353,,U,2015,September,,,
WAE,354,,U,2015,September,,,
WAE,354,,U,2015,September,,,
WAE,354,,U,2015,September,,,
WAE,355,,U,2015,September,,,
WAE,355,,U,2015,September,,,
WAE,355,,U,2015,September,,,
WAE,355,,U,2015,September,,,
WAE,356,,U,2015,September,,,
WAE,356,,U,2015,September,,,
WAE,356,,U,2015,September,,,
WAE,358,,U,2015,September,,,
WAE,358,,U,2015,September,,,
WAE,359,,U,2015,September,,,
WAE,359,,U,2015,September,,,
WAE,359,,U,2015,September,,,
WAE,360,,U,2015,September,,,
WAE,360,,U,2015,September,,,
WAE,361,,U,2015,September,,,
WAE,361,,U,2015,September,,,
WAE,362,,U,2015,September,,,
WAE,364,,U,2015,September,,,
WAE,365,,U,2015,September,,,
WAE,368,,U,2015,September,,,
WAE,368,,U,2015,September,,,
WAE,369,,U,2015,September,,,
WAE,369,,U,2015,September,,,
WAE,372,,U,2015,September,,,
WAE,389,,U,2015,September,,,
WAE,463,,U,2015,September,,,
WAE,493,,U,2015,September,,,
WAE,493,1167,U,2015,September,,,
WAE,498,1299,U,2015,September,,,
WAE,508,1340,U,2015,September,,,
WAE,515,1444,U,2015,September,,,
WAE,528,1300,U,2015,September,,,
WAE,539,1634,U,2015,September,,,
WAE,542,1376,U,2015,September,,,
WAE,542,1932,U,2015,September,,,
WAE,549,1701,U,2015,September,,,
WAE,553,1752,U,2015,September,,,
WAE,561,1780,U,2015,September,,,
WAE,634,2724,U,2015,September,,,
WAE,,,U,2015,September,,,
WAE,,,U,2015,September,,,
WAE,,,U,2015,September,,,
WAE,,,U,2015,September,,,
WAE,,,U,2015,September,,,
WAE,197,50,F,2016,September,0,,
WAE,211,76,F,2016,September,0,,
WAE,200,66,F,2016,September,0,,
WAE,199,50,M,2016,September,0,,
WAE,210,70,M,2016,September,0,,
WAE,354,346,F,2016,September,1,1,270.7054822
WAE,347,344,F,2016,September,1,1,268.3284925
WAE,321,306,F,2016,September,1,1,247.5791059
WAE,245,118,F,2016,September,1,1,179.5965957
WAE,267,166,F,2016,September,1,1,194.7359016
WAE,323,278,F,2016,September,1,1,232.6596762
WAE,352,389,F,2016,September,1,1,264.9977436
WAE,352,394,F,2016,September,1,1,266.0783909
WAE,333,310,F,2016,September,1,1,246.6319194
WAE,344,364,F,2016,September,1,1,257.4788414
WAE,366,406,F,2016,September,1,1,288.2709769
WAE,361,416,F,2016,September,1,1,275.9196417
WAE,333,286,F,2016,September,1,1,255.7867026
WAE,312,254,F,2016,September,1,1,247.7074429
WAE,322,312,F,2016,September,1,1,245.6347944
WAE,337,366,F,2016,September,1,1,268.6932218
WAE,308,188,F,2016,September,1,1,256.6740804
WAE,377,470,F,2016,September,1,1,298.1858776
WAE,356,,F,2016,September,1,1,279.519765
WAE,305,258,F,2016,September,1,1,241.3407719
WAE,313,284,F,2016,September,1,1,242.489537
WAE,370,416,F,2016,September,1,1,287.5956073
WAE,365,432,F,2016,September,1,1,282.8298413
WAE,374,492,F,2016,September,1,1,293.869707
WAE,373,472,F,2016,September,1,1,286.9187999
WAE,308,248,F,2016,September,1,1,234.1319321
WAE,373,440,F,2016,September,1,1,282.7258488
WAE,301,194,F,2016,September,1,1,227.5911594
WAE,318,283,F,2016,September,1,1,230.4330481
WAE,381,488,F,2016,September,1,1,292.9614864
WAE,298,186,F,2016,September,1,1,226.8275934
WAE,259,144,F,2016,September,1,1,197.2515419
WAE,294,172,F,2016,September,1,1,225.557859
WAE,281,160,F,2016,September,1,1,212.7920556
WAE,262,130,F,2016,September,1,1,193.0075427
WAE,270,154,F,2016,September,1,1,208.1557036
WAE,382,,F,2016,September,1,1,294.8956213
WAE,324,266,M,2016,September,1,1,255.7864533
WAE,360,394,M,2016,September,1,1,273.7837529
WAE,218,84,M,2016,September,1,1,161.6209277
WAE,342,386,M,2016,September,1,1,256.4889497
WAE,314,280,M,2016,September,1,1,239.1158514
WAE,334,354,M,2016,September,1,1,266.1887737
WAE,336,360,M,2016,September,1,1,263.6317383
WAE,310,228,M,2016,September,1,1,238.8295635
WAE,281,208,M,2016,September,1,1,231.6403502
WAE,349,452,M,2016,September,1,1,271.6627258
WAE,323,284,M,2016,September,1,1,245.5808798
WAE,352,470,M,2016,September,1,1,263.2851924
WAE,312,220,M,2016,September,1,1,239.0307814
WAE,341,368,M,2016,September,1,1,250.2758792
WAE,282,150,M,2016,September,1,1,216.176003
WAE,281,192,M,2016,September,1,1,216.1415549
WAE,364,410,M,2016,September,1,1,289.8196718
WAE,305,234,M,2016,September,1,1,231.9490031
WAE,302,210,M,2016,September,1,1,236.8164105
WAE,384,526,M,2016,September,1,1,309.7833009
WAE,292,182,M,2016,September,1,1,229.7040663
WAE,288,254,M,2016,September,1,1,239.2019494
WAE,263,133,M,2016,September,1,1,185.065452
WAE,265,150,M,2016,September,1,1,206.9812404
WAE,193,56,M,2016,September,1,1,144.832337
WAE,264,132,M,2016,September,1,1,210.1148264
WAE,259,182,M,2016,September,1,1,166.9267861
WAE,274,162,M,2016,September,1,1,210.7381787
WAE,278,190,M,2016,September,1,1,210.6953094
WAE,203,62,U,2016,September,1,1,155.4541801
WAE,254,,U,2016,September,1,1,194.4847811
WAE,381,568,U,2016,September,1,1,284.090676
WAE,279,182,U,2016,September,1,1,183.544522
WAE,318,252,U,2016,September,1,1,236.9722661
WAE,292,232,U,2016,September,1,1,227.5000414
WAE,290,236,U,2016,September,1,1,225.9671864
WAE,241,116,U,2016,September,1,1,180.4382683
WAE,478,1020,F,2016,September,2,2,408.5778292
WAE,425,716,F,2016,September,2,2,356.9073646
WAE,439,804,F,2016,September,2,2,384.0596735
WAE,449,936,F,2016,September,2,2,376.3909847
WAE,452,902,F,2016,September,2,2,380.8050706
WAE,409,758,F,2016,September,2,2,342.2140093
WAE,440,920,F,2016,September,2,2,397.9471102
WAE,449,906,F,2016,September,2,2,373.8783214
WAE,443,1002,F,2016,September,2,2,384.2246964
WAE,463,1010,F,2016,September,2,2,381.5630426
WAE,430,890,F,2016,September,2,2,354.9026421
WAE,410,642,F,2016,September,2,2,349.4468897
WAE,453,964,F,2016,September,2,2,384.9880157
WAE,415,688,F,2016,September,2,2,345.299752
WAE,426,700,F,2016,September,2,2,367.6069133
WAE,424,640,F,2016,September,2,2,341.0844976
WAE,418,758,F,2016,September,2,2,349.1479238
WAE,394,578,F,2016,September,2,2,328.4563926
WAE,402,584,F,2016,September,2,2,362.7413037
WAE,380,500,F,2016,September,2,2,321.4848364
WAE,455,964,F,2016,September,2,2,394.0017077
WAE,455,762,F,2016,September,2,2,385.8029414
WAE,465,964,F,2016,September,2,2,397.9019165
WAE,494,1116,F,2016,September,2,2,410.2902493
WAE,479,1006,F,2016,September,2,2,398.0959406
WAE,485,1026,F,2016,September,2,2,409.830411
WAE,515,1240,F,2016,September,2,2,436.4161921
WAE,486,1114,F,2016,September,2,2,408.9079209
WAE,491,1188,F,2016,September,2,2,413.8874693
WAE,433,815,M,2016,September,2,2,365.2508899
WAE,433,880,M,2016,September,2,2,366.3323883
WAE,412,728,M,2016,September,2,2,349.122527
WAE,430,918,M,2016,September,2,2,361.1468875
WAE,430,732,M,2016,September,2,2,354.700803
WAE,405,618,M,2016,September,2,2,323.4115501
WAE,427,840,M,2016,September,2,2,368.2383442
WAE,396,690,M,2016,September,2,2,328.9368868
WAE,423,742,M,2016,September,2,2,362.0681029
WAE,428,786,M,2016,September,2,2,365.6688801
WAE,402,632,M,2016,September,2,2,342.1129962
WAE,464,968,M,2016,September,2,2,387.4035
WAE,454,908,M,2016,September,2,2,384.0136769
WAE,469,1056,M,2016,September,2,2,408.4662311
WAE,395,608,M,2016,September,2,2,328.5359733
WAE,473,992,U,2016,September,2,2,371.041005
WAE,406,658,U,2016,September,2,2,339.9731531
WAE,412,612,U,2016,September,2,2,348.7005588
WAE,443,986,F,2016,September,3,3,394.784634
WAE,462,1120,F,2016,September,3,3,407.0684992
WAE,472,1224,F,2016,September,3,3,407.1737664
WAE,438,854,M,2016,September,3,3,389.8129951
WAE,500,1430,M,2016,September,3,3,444.876106
WAE,503,1428,F,2016,September,4,4,463.5583223
WAE,560,1870,F,2016,September,4,4,504.3434342
WAE,596,2040,F,2016,September,4,4,548.5012648
WAE,506,1464,M,2016,September,4,4,466.0802972
WAE,488,1262,M,2016,September,4,4,441.5239306
WAE,489,1278,M,2016,September,4,4,437.224871
WAE,496,1392,M,2016,September,4,4,453.9820543
WAE,487,1336,M,2016,September,4,4,450.7607841
WAE,510,1460,F,2016,September,5,5,476.1448211
WAE,565,1686,F,2016,September,5,5,521.495397
WAE,615,2626,F,2016,September,5,5,561.9577177
WAE,572,2004,F,2016,September,5,5,531.1875788
WAE,530,1826,M,2016,September,5,5,496.4347455
WAE,557,1884,M,2016,September,5,5,519.8050601
WAE,512,1410,M,2016,September,5,5,476.4307682
WAE,537,1480,M,2016,September,5,5,480.3763288
WAE,554,1746,U,2016,September,5,5,506.3048398
WAE,581,2256,U,2016,September,5,5,532.1973956
WAE,626,2614,F,2016,September,6,6,588.8741339
WAE,592,2502,F,2016,September,6,6,558.9818066
WAE,603,2474,F,2016,September,6,6,570.5756868
WAE,622,2270,F,2016,September,6,6,578.568794
WAE,650,2010,F,2016,September,6,6,603.4755951
WAE,595,2566,F,2016,September,6,6,559.8783501
WAE,625,2874,F,2016,September,6,6,577.8288298
WAE,590,2204,F,2016,September,6,6,545.1644478
WAE,523,1710,M,2016,September,6,6,496.2026175
WAE,512,1660,M,2016,September,6,6,478.9632285
WAE,489,1192,M,2016,September,6,6,455.8444546
WAE,508,1516,M,2016,September,6,6,471.8111197
WAE,504,1346,M,2016,September,6,6,470.5077413
WAE,493,1112,M,2016,September,6,6,458.7526706
WAE,544,1836,M,2016,September,6,6,509.3911309
WAE,476,1130,M,2016,September,6,6,448.6591014
WAE,496,1508,M,2016,September,6,6,469.695292
WAE,515,1452,M,2016,September,6,6,486.5562555
WAE,534,1882,M,2016,September,6,6,502.6254078
WAE,541,1806,M,2016,September,6,6,506.9858191
WAE,537,2088,M,2016,September,6,6,508.1089369
WAE,519,1516,U,2016,September,6,6,494.8860018
WAE,546,1772,F,2016,September,7,7,513.8454212
WAE,676,3130,F,2016,September,10,10,642.0066034
WAE,375,502,F,2016,September,,,
WAE,433,,F,2016,September,,,
WAE,504,,M,2016,September,,,
WAE,312,226,U,2016,September,,,
WAE,302,244,U,2016,September,,,
WAE,321,272,U,2016,September,,,
WAE,342,306,U,2016,September,,,
WAE,342,306,U,2016,September,,,
WAE,328,318,U,2016,September,,,
WAE,334,338,U,2016,September,,,
WAE,341,354,U,2016,September,,,
WAE,353,360,U,2016,September,,,
WAE,349,364,U,2016,September,,,
WAE,344,374,U,2016,September,,,
WAE,350,398,U,2016,September,,,
WAE,385,406,U,2016,September,,,
WAE,359,414,U,2016,September,,,
WAE,359,430,U,2016,September,,,
WAE,367,436,U,2016,September,,,
WAE,396,528,U,2016,September,,,
WAE,406,584,U,2016,September,,,
WAE,430,662,U,2016,September,,,
WAE,408,672,U,2016,September,,,
WAE,413,752,U,2016,September,,,
WAE,445,756,U,2016,September,,,
WAE,435,762,U,2016,September,,,
WAE,447,774,U,2016,September,,,
WAE,432,876,U,2016,September,,,
WAE,449,904,U,2016,September,,,
WAE,475,1004,U,2016,September,,,
WAE,528,1474,U,2016,September,,,
WAE,562,1862,U,2016,September,,,
WAE,570,1882,U,2016,September,,,
WAE,541,1986,U,2016,September,,,
WAE,547,2098,U,2016,September,,,
WAE,607,2448,U,2016,September,,,
WAE,603,2582,U,2016,September,,,
WAE,604,2760,U,2016,September,,,
WAE,620,2840,U,2016,September,,,
WAE,260,,U,2016,September,,,
WAE,280,,U,2016,September,,,
WAE,280,,U,2016,September,,,
WAE,280,,U,2016,September,,,
WAE,283,,U,2016,September,,,
WAE,287,,U,2016,September,,,
WAE,290,,U,2016,September,,,
WAE,292,,U,2016,September,,,
WAE,292,,U,2016,September,,,
WAE,295,,U,2016,September,,,
WAE,297,,U,2016,September,,,
WAE,297,,U,2016,September,,,
WAE,300,,U,2016,September,,,
WAE,300,,U,2016,September,,,
WAE,300,,U,2016,September,,,
WAE,301,,U,2016,September,,,
WAE,302,,U,2016,September,,,
WAE,303,,U,2016,September,,,
WAE,303,,U,2016,September,,,
WAE,303,,U,2016,September,,,
WAE,304,,U,2016,September,,,
WAE,305,,U,2016,September,,,
WAE,306,,U,2016,September,,,
WAE,306,,U,2016,September,,,
WAE,307,,U,2016,September,,,
WAE,307,,U,2016,September,,,
WAE,307,,U,2016,September,,,
WAE,309,,U,2016,September,,,
WAE,310,,U,2016,September,,,
WAE,311,,U,2016,September,,,
WAE,312,,U,2016,September,,,
WAE,312,,U,2016,September,,,
WAE,312,,U,2016,September,,,
WAE,313,,U,2016,September,,,
WAE,313,,U,2016,September,,,
WAE,313,,U,2016,September,,,
WAE,314,,U,2016,September,,,
WAE,315,,U,2016,September,,,
WAE,315,,U,2016,September,,,
WAE,315,,U,2016,September,,,
WAE,315,,U,2016,September,,,
WAE,315,,U,2016,September,,,
WAE,316,,U,2016,September,,,
WAE,316,,U,2016,September,,,
WAE,316,,U,2016,September,,,
WAE,317,,U,2016,September,,,
WAE,318,,U,2016,September,,,
WAE,318,,U,2016,September,,,
WAE,318,,U,2016,September,,,
WAE,318,,U,2016,September,,,
WAE,318,,U,2016,September,,,
WAE,318,,U,2016,September,,,
WAE,319,,U,2016,September,,,
WAE,320,,U,2016,September,,,
WAE,320,,U,2016,September,,,
WAE,320,,U,2016,September,,,
WAE,320,,U,2016,September,,,
WAE,320,,U,2016,September,,,
WAE,320,,U,2016,September,,,
WAE,320,,U,2016,September,,,
WAE,321,,U,2016,September,,,
WAE,322,,U,2016,September,,,
WAE,322,,U,2016,September,,,
WAE,323,,U,2016,September,,,
WAE,323,,U,2016,September,,,
WAE,323,,U,2016,September,,,
WAE,323,,U,2016,September,,,
WAE,324,,U,2016,September,,,
WAE,324,,U,2016,September,,,
WAE,324,,U,2016,September,,,
WAE,324,,U,2016,September,,,
WAE,326,,U,2016,September,,,
WAE,326,,U,2016,September,,,
WAE,326,,U,2016,September,,,
WAE,327,,U,2016,September,,,
WAE,327,,U,2016,September,,,
WAE,327,,U,2016,September,,,
WAE,327,,U,2016,September,,,
WAE,327,,U,2016,September,,,
WAE,328,,U,2016,September,,,
WAE,328,,U,2016,September,,,
WAE,328,,U,2016,September,,,
WAE,328,,U,2016,September,,,
WAE,328,,U,2016,September,,,
WAE,328,,U,2016,September,,,
WAE,328,,U,2016,September,,,
WAE,329,,U,2016,September,,,
WAE,329,,U,2016,September,,,
WAE,329,,U,2016,September,,,
WAE,329,,U,2016,September,,,
WAE,329,,U,2016,September,,,
WAE,329,,U,2016,September,,,
WAE,330,,U,2016,September,,,
WAE,330,,U,2016,September,,,
WAE,330,,U,2016,September,,,
WAE,330,,U,2016,September,,,
WAE,330,,U,2016,September,,,
WAE,330,,U,2016,September,,,
WAE,331,,U,2016,September,,,
WAE,331,,U,2016,September,,,
WAE,331,,U,2016,September,,,
WAE,331,,U,2016,September,,,
WAE,332,,U,2016,September,,,
WAE,332,,U,2016,September,,,
WAE,332,,U,2016,September,,,
WAE,332,,U,2016,September,,,
WAE,332,,U,2016,September,,,
WAE,332,,U,2016,September,,,
WAE,332,,U,2016,September,,,
WAE,333,,U,2016,September,,,
WAE,333,,U,2016,September,,,
WAE,334,,U,2016,September,,,
WAE,334,,U,2016,September,,,
WAE,335,,U,2016,September,,,
WAE,335,,U,2016,September,,,
WAE,335,,U,2016,September,,,
WAE,336,,U,2016,September,,,
WAE,336,,U,2016,September,,,
WAE,337,,U,2016,September,,,
WAE,337,,U,2016,September,,,
WAE,337,,U,2016,September,,,
WAE,338,,U,2016,September,,,
WAE,338,,U,2016,September,,,
WAE,338,,U,2016,September,,,
WAE,338,,U,2016,September,,,
WAE,339,,U,2016,September,,,
WAE,339,,U,2016,September,,,
WAE,339,,U,2016,September,,,
WAE,339,,U,2016,September,,,
WAE,339,,U,2016,September,,,
WAE,340,,U,2016,September,,,
WAE,340,,U,2016,September,,,
WAE,341,,U,2016,September,,,
WAE,341,,U,2016,September,,,
WAE,341,,U,2016,September,,,
WAE,341,,U,2016,September,,,
WAE,342,,U,2016,September,,,
WAE,342,,U,2016,September,,,
WAE,342,,U,2016,September,,,
WAE,342,,U,2016,September,,,
WAE,342,,U,2016,September,,,
WAE,342,,U,2016,September,,,
WAE,342,,U,2016,September,,,
WAE,342,,U,2016,September,,,
WAE,342,,U,2016,September,,,
WAE,343,,U,2016,September,,,
WAE,343,,U,2016,September,,,
WAE,344,,U,2016,September,,,
WAE,344,,U,2016,September,,,
WAE,344,,U,2016,September,,,
WAE,344,,U,2016,September,,,
WAE,344,,U,2016,September,,,
WAE,344,,U,2016,September,,,
WAE,344,,U,2016,September,,,
WAE,345,,U,2016,September,,,
WAE,345,,U,2016,September,,,
WAE,345,,U,2016,September,,,
WAE,345,,U,2016,September,,,
WAE,345,,U,2016,September,,,
WAE,345,,U,2016,September,,,
WAE,345,,U,2016,September,,,
WAE,345,,U,2016,September,,,
WAE,346,,U,2016,September,,,
WAE,346,,U,2016,September,,,
WAE,346,,U,2016,September,,,
WAE,346,,U,2016,September,,,
WAE,346,,U,2016,September,,,
WAE,346,,U,2016,September,,,
WAE,347,,U,2016,September,,,
WAE,347,,U,2016,September,,,
WAE,347,,U,2016,September,,,
WAE,347,,U,2016,September,,,
WAE,347,,U,2016,September,,,
WAE,348,,U,2016,September,,,
WAE,348,,U,2016,September,,,
WAE,349,,U,2016,September,,,
WAE,349,,U,2016,September,,,
WAE,349,,U,2016,September,,,
WAE,350,,U,2016,September,,,
WAE,350,,U,2016,September,,,
WAE,350,,U,2016,September,,,
WAE,350,,U,2016,September,,,
WAE,350,,U,2016,September,,,
WAE,351,,U,2016,September,,,
WAE,351,,U,2016,September,,,
WAE,351,,U,2016,September,,,
WAE,352,,U,2016,September,,,
WAE,352,,U,2016,September,,,
WAE,352,,U,2016,September,,,
WAE,352,,U,2016,September,,,
WAE,352,,U,2016,September,,,
WAE,352,,U,2016,September,,,
WAE,352,,U,2016,September,,,
WAE,352,,U,2016,September,,,
WAE,352,,U,2016,September,,,
WAE,353,,U,2016,September,,,
WAE,353,,U,2016,September,,,
WAE,353,,U,2016,September,,,
WAE,354,,U,2016,September,,,
WAE,354,,U,2016,September,,,
WAE,354,,U,2016,September,,,
WAE,354,,U,2016,September,,,
WAE,354,,U,2016,September,,,
WAE,354,,U,2016,September,,,
WAE,354,,U,2016,September,,,
WAE,355,,U,2016,September,,,
WAE,355,,U,2016,September,,,
WAE,355,,U,2016,September,,,
WAE,355,,U,2016,September,,,
WAE,355,,U,2016,September,,,
WAE,356,,U,2016,September,,,
WAE,356,,U,2016,September,,,
WAE,356,,U,2016,September,,,
WAE,356,,U,2016,September,,,
WAE,356,,U,2016,September,,,
WAE,356,,U,2016,September,,,
WAE,357,,U,2016,September,,,
WAE,357,,U,2016,September,,,
WAE,357,,U,2016,September,,,
WAE,357,,U,2016,September,,,
WAE,357,,U,2016,September,,,
WAE,358,,U,2016,September,,,
WAE,358,,U,2016,September,,,
WAE,358,,U,2016,September,,,
WAE,358,,U,2016,September,,,
WAE,358,,U,2016,September,,,
WAE,358,,U,2016,September,,,
WAE,358,,U,2016,September,,,
WAE,359,,U,2016,September,,,
WAE,359,,U,2016,September,,,
WAE,359,,U,2016,September,,,
WAE,359,,U,2016,September,,,
WAE,359,,U,2016,September,,,
WAE,359,,U,2016,September,,,
WAE,360,,U,2016,September,,,
WAE,360,,U,2016,September,,,
WAE,360,,U,2016,September,,,
WAE,360,,U,2016,September,,,
WAE,361,,U,2016,September,,,
WAE,362,,U,2016,September,,,
WAE,362,,U,2016,September,,,
WAE,362,,U,2016,September,,,
WAE,362,,U,2016,September,,,
WAE,362,,U,2016,September,,,
WAE,362,,U,2016,September,,,
WAE,362,,U,2016,September,,,
WAE,362,,U,2016,September,,,
WAE,362,,U,2016,September,,,
WAE,362,,U,2016,September,,,
WAE,362,,U,2016,September,,,
WAE,362,,U,2016,September,,,
WAE,362,,U,2016,September,,,
WAE,363,,U,2016,September,,,
WAE,364,,U,2016,September,,,
WAE,364,,U,2016,September,,,
WAE,364,,U,2016,September,,,
WAE,364,,U,2016,September,,,
WAE,364,,U,2016,September,,,
WAE,365,,U,2016,September,,,
WAE,365,,U,2016,September,,,
WAE,365,,U,2016,September,,,
WAE,365,,U,2016,September,,,
WAE,365,,U,2016,September,,,
WAE,365,,U,2016,September,,,
WAE,365,,U,2016,September,,,
WAE,366,,U,2016,September,,,
WAE,366,,U,2016,September,,,
WAE,367,,U,2016,September,,,
WAE,367,,U,2016,September,,,
WAE,368,,U,2016,September,,,
WAE,368,,U,2016,September,,,
WAE,368,,U,2016,September,,,
WAE,368,,U,2016,September,,,
WAE,368,,U,2016,September,,,
WAE,368,,U,2016,September,,,
WAE,369,,U,2016,September,,,
WAE,369,,U,2016,September,,,
WAE,369,,U,2016,September,,,
WAE,369,,U,2016,September,,,
WAE,369,,U,2016,September,,,
WAE,369,,U,2016,September,,,
WAE,370,,U,2016,September,,,
WAE,370,,U,2016,September,,,
WAE,370,,U,2016,September,,,
WAE,370,,U,2016,September,,,
WAE,371,,U,2016,September,,,
WAE,371,,U,2016,September,,,
WAE,371,,U,2016,September,,,
WAE,371,,U,2016,September,,,
WAE,372,,U,2016,September,,,
WAE,372,,U,2016,September,,,
WAE,372,,U,2016,September,,,
WAE,373,,U,2016,September,,,
WAE,373,,U,2016,September,,,
WAE,373,,U,2016,September,,,
WAE,373,,U,2016,September,,,
WAE,374,,U,2016,September,,,
WAE,374,,U,2016,September,,,
WAE,374,,U,2016,September,,,
WAE,374,,U,2016,September,,,
WAE,375,,U,2016,September,,,
WAE,375,,U,2016,September,,,
WAE,375,,U,2016,September,,,
WAE,375,,U,2016,September,,,
WAE,376,,U,2016,September,,,
WAE,376,,U,2016,September,,,
WAE,376,,U,2016,September,,,
WAE,377,,U,2016,September,,,
WAE,377,,U,2016,September,,,
WAE,378,,U,2016,September,,,
WAE,378,,U,2016,September,,,
WAE,378,,U,2016,September,,,
WAE,378,,U,2016,September,,,
WAE,379,,U,2016,September,,,
WAE,379,,U,2016,September,,,
WAE,380,,U,2016,September,,,
WAE,381,,U,2016,September,,,
WAE,382,,U,2016,September,,,
WAE,382,,U,2016,September,,,
WAE,382,,U,2016,September,,,
WAE,384,,U,2016,September,,,
WAE,385,,U,2016,September,,,
WAE,387,,U,2016,September,,,
WAE,389,,U,2016,September,,,
WAE,389,,U,2016,September,,,
WAE,389,,U,2016,September,,,
WAE,392,,U,2016,September,,,
WAE,392,,U,2016,September,,,
WAE,400,,U,2016,September,,,
WAE,400,,U,2016,September,,,
WAE,403,,U,2016,September,,,
WAE,403,,U,2016,September,,,
WAE,405,,U,2016,September,,,
WAE,406,,U,2016,September,,,
WAE,406,,U,2016,September,,,
WAE,406,,U,2016,September,,,
WAE,407,,U,2016,September,,,
WAE,408,,U,2016,September,,,
WAE,409,,U,2016,September,,,
WAE,410,,U,2016,September,,,
WAE,411,,U,2016,September,,,
WAE,412,,U,2016,September,,,
WAE,413,,U,2016,September,,,
WAE,413,,U,2016,September,,,
WAE,413,,U,2016,September,,,
WAE,414,,U,2016,September,,,
WAE,414,,U,2016,September,,,
WAE,415,,U,2016,September,,,
WAE,416,,U,2016,September,,,
WAE,417,,U,2016,September,,,
WAE,418,,U,2016,September,,,
WAE,418,,U,2016,September,,,
WAE,418,,U,2016,September,,,
WAE,419,,U,2016,September,,,
WAE,421,,U,2016,September,,,
WAE,421,,U,2016,September,,,
WAE,421,,U,2016,September,,,
WAE,422,,U,2016,September,,,
WAE,422,,U,2016,September,,,
WAE,422,,U,2016,September,,,
WAE,423,,U,2016,September,,,
WAE,423,,U,2016,September,,,
WAE,423,,U,2016,September,,,
WAE,424,,U,2016,September,,,
WAE,424,,U,2016,September,,,
WAE,424,,U,2016,September,,,
WAE,424,,U,2016,September,,,
WAE,425,,U,2016,September,,,
WAE,425,,U,2016,September,,,
WAE,425,,U,2016,September,,,
WAE,428,,U,2016,September,,,
WAE,428,,U,2016,September,,,
WAE,428,,U,2016,September,,,
WAE,428,,U,2016,September,,,
WAE,429,,U,2016,September,,,
WAE,429,,U,2016,September,,,
WAE,430,,U,2016,September,,,
WAE,430,,U,2016,September,,,
WAE,431,,U,2016,September,,,
WAE,431,,U,2016,September,,,
WAE,431,,U,2016,September,,,
WAE,431,,U,2016,September,,,
WAE,433,,U,2016,September,,,
WAE,433,,U,2016,September,,,
WAE,433,,U,2016,September,,,
WAE,433,,U,2016,September,,,
WAE,433,,U,2016,September,,,
WAE,433,,U,2016,September,,,
WAE,433,,U,2016,September,,,
WAE,434,,U,2016,September,,,
WAE,434,,U,2016,September,,,
WAE,435,,U,2016,September,,,
WAE,435,,U,2016,September,,,
WAE,435,,U,2016,September,,,
WAE,435,,U,2016,September,,,
WAE,436,,U,2016,September,,,
WAE,436,,U,2016,September,,,
WAE,437,,U,2016,September,,,
WAE,437,,U,2016,September,,,
WAE,437,,U,2016,September,,,
WAE,438,,U,2016,September,,,
WAE,438,,U,2016,September,,,
WAE,438,,U,2016,September,,,
WAE,439,,U,2016,September,,,
WAE,439,,U,2016,September,,,
WAE,439,,U,2016,September,,,
WAE,440,,U,2016,September,,,
WAE,440,,U,2016,September,,,
WAE,440,,U,2016,September,,,
WAE,440,,U,2016,September,,,
WAE,441,,U,2016,September,,,
WAE,441,,U,2016,September,,,
WAE,441,,U,2016,September,,,
WAE,441,,U,2016,September,,,
WAE,441,,U,2016,September,,,
WAE,442,,U,2016,September,,,
WAE,442,,U,2016,September,,,
WAE,442,,U,2016,September,,,
WAE,442,,U,2016,September,,,
WAE,442,,U,2016,September,,,
WAE,443,,U,2016,September,,,
WAE,444,,U,2016,September,,,
WAE,446,,U,2016,September,,,
WAE,446,,U,2016,September,,,
WAE,447,,U,2016,September,,,
WAE,448,,U,2016,September,,,
WAE,448,,U,2016,September,,,
WAE,449,,U,2016,September,,,
WAE,450,,U,2016,September,,,
WAE,450,,U,2016,September,,,
WAE,450,,U,2016,September,,,
WAE,451,,U,2016,September,,,
WAE,451,,U,2016,September,,,
WAE,451,,U,2016,September,,,
WAE,451,,U,2016,September,,,
WAE,452,,U,2016,September,,,
WAE,452,,U,2016,September,,,
WAE,453,,U,2016,September,,,
WAE,454,,U,2016,September,,,
WAE,454,,U,2016,September,,,
WAE,454,,U,2016,September,,,
WAE,455,,U,2016,September,,,
WAE,455,,U,2016,September,,,
WAE,455,,U,2016,September,,,
WAE,455,,U,2016,September,,,
WAE,456,,U,2016,September,,,
WAE,456,,U,2016,September,,,
WAE,456,,U,2016,September,,,
WAE,457,,U,2016,September,,,
WAE,458,,U,2016,September,,,
WAE,459,,U,2016,September,,,
WAE,459,,U,2016,September,,,
WAE,459,,U,2016,September,,,
WAE,460,,U,2016,September,,,
WAE,460,,U,2016,September,,,
WAE,461,,U,2016,September,,,
WAE,461,,U,2016,September,,,
WAE,461,,U,2016,September,,,
WAE,461,,U,2016,September,,,
WAE,461,,U,2016,September,,,
WAE,462,,U,2016,September,,,
WAE,463,,U,2016,September,,,
WAE,463,,U,2016,September,,,
WAE,465,,U,2016,September,,,
WAE,465,,U,2016,September,,,
WAE,465,,U,2016,September,,,
WAE,466,,U,2016,September,,,
WAE,467,,U,2016,September,,,
WAE,467,,U,2016,September,,,
WAE,468,,U,2016,September,,,
WAE,468,,U,2016,September,,,
WAE,468,,U,2016,September,,,
WAE,469,,U,2016,September,,,
WAE,470,,U,2016,September,,,
WAE,471,,U,2016,September,,,
WAE,473,,U,2016,September,,,
WAE,473,,U,2016,September,,,
WAE,473,,U,2016,September,,,
WAE,474,,U,2016,September,,,
WAE,479,,U,2016,September,,,
WAE,481,,U,2016,September,,,
WAE,487,,U,2016,September,,,
WAE,491,,U,2016,September,,,
WAE,500,,U,2016,September,,,
WAE,501,,U,2016,September,,,
WAE,502,,U,2016,September,,,
WAE,503,,U,2016,September,,,
WAE,504,,U,2016,September,,,
WAE,504,,U,2016,September,,,
WAE,506,,U,2016,September,,,
WAE,,,U,2016,September,,,
WAE,,,U,2016,September,,,
WAE,,,U,2016,September,,,
WAE,,,U,2016,September,,,
WAE,,,U,2016,September,,,
WAE,,,U,2016,September,,,
WAE,,,U,2016,September,,,
WAE,,,U,2016,September,,,
